--
-- PostgreSQL database dump
--

\restrict ytg61tF48Yy5Ch9Ox4aLVKh5D6Leaf91hL0aZY9HeslLi3hCe6VlzExldVZhbJf

-- Dumped from database version 16.11 (Ubuntu 16.11-0ubuntu0.24.04.1)
-- Dumped by pg_dump version 16.11 (Ubuntu 16.11-0ubuntu0.24.04.1)

SET statement_timeout = 0;
SET lock_timeout = 0;
SET idle_in_transaction_session_timeout = 0;
SET client_encoding = 'UTF8';
SET standard_conforming_strings = on;
SELECT pg_catalog.set_config('search_path', '', false);
SET check_function_bodies = false;
SET xmloption = content;
SET client_min_messages = warning;
SET row_security = off;

--
-- Name: update_last_login_on_refresh_token(); Type: FUNCTION; Schema: public; Owner: root
--

CREATE FUNCTION public.update_last_login_on_refresh_token() RETURNS trigger
    LANGUAGE plpgsql
    AS $$
BEGIN
  -- Only update last_login if refresh_token is actually changing
  IF NEW.refresh_token IS DISTINCT FROM OLD.refresh_token AND NEW.refresh_token IS NOT NULL THEN
    NEW.last_login = NOW();
  END IF;
  RETURN NEW;
END;
$$;


ALTER FUNCTION public.update_last_login_on_refresh_token() OWNER TO root;

--
-- Name: FUNCTION update_last_login_on_refresh_token(); Type: COMMENT; Schema: public; Owner: root
--

COMMENT ON FUNCTION public.update_last_login_on_refresh_token() IS 'Automatically updates last_login timestamp when refresh_token is updated';


SET default_tablespace = '';

SET default_table_access_method = heap;

--
-- Name: languages; Type: TABLE; Schema: public; Owner: root
--

CREATE TABLE public.languages (
    id bigint NOT NULL,
    name character varying(100) NOT NULL,
    code character varying(10) NOT NULL
);


ALTER TABLE public.languages OWNER TO root;

--
-- Name: languages_id_seq; Type: SEQUENCE; Schema: public; Owner: root
--

CREATE SEQUENCE public.languages_id_seq
    START WITH 1
    INCREMENT BY 1
    NO MINVALUE
    NO MAXVALUE
    CACHE 1;


ALTER SEQUENCE public.languages_id_seq OWNER TO root;

--
-- Name: languages_id_seq; Type: SEQUENCE OWNED BY; Schema: public; Owner: root
--

ALTER SEQUENCE public.languages_id_seq OWNED BY public.languages.id;


--
-- Name: letters; Type: TABLE; Schema: public; Owner: root
--

CREATE TABLE public.letters (
    id bigint NOT NULL,
    writing_style character varying(100),
    letter_sign character varying(10) NOT NULL,
    type character varying(9) NOT NULL,
    audio_url text,
    image_url text,
    language_id bigint NOT NULL
);


ALTER TABLE public.letters OWNER TO root;

--
-- Name: letters_id_seq; Type: SEQUENCE; Schema: public; Owner: root
--

CREATE SEQUENCE public.letters_id_seq
    START WITH 1
    INCREMENT BY 1
    NO MINVALUE
    NO MAXVALUE
    CACHE 1;


ALTER SEQUENCE public.letters_id_seq OWNER TO root;

--
-- Name: letters_id_seq; Type: SEQUENCE OWNED BY; Schema: public; Owner: root
--

ALTER SEQUENCE public.letters_id_seq OWNED BY public.letters.id;


--
-- Name: translations; Type: TABLE; Schema: public; Owner: root
--

CREATE TABLE public.translations (
    id bigint NOT NULL,
    word_id bigint NOT NULL,
    translation_word_id bigint NOT NULL,
    level character varying(2),
    CONSTRAINT translations_check CHECK ((word_id <> translation_word_id))
);


ALTER TABLE public.translations OWNER TO root;

--
-- Name: translations_id_seq; Type: SEQUENCE; Schema: public; Owner: root
--

CREATE SEQUENCE public.translations_id_seq
    START WITH 1
    INCREMENT BY 1
    NO MINVALUE
    NO MAXVALUE
    CACHE 1;


ALTER SEQUENCE public.translations_id_seq OWNER TO root;

--
-- Name: translations_id_seq; Type: SEQUENCE OWNED BY; Schema: public; Owner: root
--

ALTER SEQUENCE public.translations_id_seq OWNED BY public.translations.id;


--
-- Name: user_languages; Type: TABLE; Schema: public; Owner: root
--

CREATE TABLE public.user_languages (
    id bigint NOT NULL,
    user_id bigint NOT NULL,
    native_language_id bigint NOT NULL,
    learning_language_id bigint NOT NULL,
    created_at timestamp with time zone DEFAULT now() NOT NULL,
    proficiency_level character varying(50) DEFAULT 'A1'::character varying NOT NULL,
    experience integer DEFAULT 0 NOT NULL,
    is_current_language boolean DEFAULT false
);


ALTER TABLE public.user_languages OWNER TO root;

--
-- Name: user_languages_id_seq; Type: SEQUENCE; Schema: public; Owner: root
--

CREATE SEQUENCE public.user_languages_id_seq
    START WITH 1
    INCREMENT BY 1
    NO MINVALUE
    NO MAXVALUE
    CACHE 1;


ALTER SEQUENCE public.user_languages_id_seq OWNER TO root;

--
-- Name: user_languages_id_seq; Type: SEQUENCE OWNED BY; Schema: public; Owner: root
--

ALTER SEQUENCE public.user_languages_id_seq OWNED BY public.user_languages.id;


--
-- Name: user_vocabulary; Type: TABLE; Schema: public; Owner: root
--

CREATE TABLE public.user_vocabulary (
    id bigint NOT NULL,
    user_id bigint NOT NULL,
    word_id bigint NOT NULL,
    mastery_level smallint DEFAULT 1 NOT NULL,
    last_review timestamp with time zone DEFAULT now(),
    created_at timestamp with time zone DEFAULT now() NOT NULL,
    CONSTRAINT user_vocabulary_mastery_level_check CHECK (((mastery_level >= 1) AND (mastery_level <= 6)))
);


ALTER TABLE public.user_vocabulary OWNER TO root;

--
-- Name: user_vocabulary_id_seq; Type: SEQUENCE; Schema: public; Owner: root
--

CREATE SEQUENCE public.user_vocabulary_id_seq
    START WITH 1
    INCREMENT BY 1
    NO MINVALUE
    NO MAXVALUE
    CACHE 1;


ALTER SEQUENCE public.user_vocabulary_id_seq OWNER TO root;

--
-- Name: user_vocabulary_id_seq; Type: SEQUENCE OWNED BY; Schema: public; Owner: root
--

ALTER SEQUENCE public.user_vocabulary_id_seq OWNED BY public.user_vocabulary.id;


--
-- Name: users; Type: TABLE; Schema: public; Owner: root
--

CREATE TABLE public.users (
    id bigint NOT NULL,
    google_id text,
    first_name character varying(100),
    last_name character varying(100),
    username character varying(50) NOT NULL,
    password_hash text,
    refresh_token text,
    email character varying(255),
    profile_picture text,
    joined_date timestamp with time zone DEFAULT now() NOT NULL,
    last_login timestamp with time zone,
    energy integer DEFAULT 100 NOT NULL,
    coins integer DEFAULT 0 NOT NULL,
    age integer,
    preferences character varying(100),
    total_experience integer DEFAULT 0,
    notifications boolean DEFAULT true,
    email_verified boolean DEFAULT false,
    CONSTRAINT users_age_check CHECK (((age >= 0) AND (age <= 100))),
    CONSTRAINT users_coins_check CHECK ((coins >= 0)),
    CONSTRAINT users_energy_check CHECK ((energy >= 0)),
    CONSTRAINT users_total_experience_check CHECK (((total_experience >= 0) AND (total_experience <= 10000000)))
);


ALTER TABLE public.users OWNER TO root;

--
-- Name: users_id_seq; Type: SEQUENCE; Schema: public; Owner: root
--

CREATE SEQUENCE public.users_id_seq
    START WITH 1
    INCREMENT BY 1
    NO MINVALUE
    NO MAXVALUE
    CACHE 1;


ALTER SEQUENCE public.users_id_seq OWNER TO root;

--
-- Name: users_id_seq; Type: SEQUENCE OWNED BY; Schema: public; Owner: root
--

ALTER SEQUENCE public.users_id_seq OWNED BY public.users.id;


--
-- Name: words; Type: TABLE; Schema: public; Owner: root
--

CREATE TABLE public.words (
    id bigint NOT NULL,
    written_form character varying(255) NOT NULL,
    part_of_speech character varying(50),
    image_url text,
    audio_url text,
    language_id bigint NOT NULL,
    level character varying(2),
    article character varying(10),
    CONSTRAINT words_level_check CHECK (((level)::text = ANY (ARRAY['N'::text, 'A1'::text, 'A2'::text, 'B1'::text, 'B2'::text, 'AB'::text, 'C1'::text, 'C2'::text])))
);


ALTER TABLE public.words OWNER TO root;

--
-- Name: words_id_seq; Type: SEQUENCE; Schema: public; Owner: root
--

CREATE SEQUENCE public.words_id_seq
    START WITH 1
    INCREMENT BY 1
    NO MINVALUE
    NO MAXVALUE
    CACHE 1;


ALTER SEQUENCE public.words_id_seq OWNER TO root;

--
-- Name: words_id_seq; Type: SEQUENCE OWNED BY; Schema: public; Owner: root
--

ALTER SEQUENCE public.words_id_seq OWNED BY public.words.id;


--
-- Name: languages id; Type: DEFAULT; Schema: public; Owner: root
--

ALTER TABLE ONLY public.languages ALTER COLUMN id SET DEFAULT nextval('public.languages_id_seq'::regclass);


--
-- Name: letters id; Type: DEFAULT; Schema: public; Owner: root
--

ALTER TABLE ONLY public.letters ALTER COLUMN id SET DEFAULT nextval('public.letters_id_seq'::regclass);


--
-- Name: translations id; Type: DEFAULT; Schema: public; Owner: root
--

ALTER TABLE ONLY public.translations ALTER COLUMN id SET DEFAULT nextval('public.translations_id_seq'::regclass);


--
-- Name: user_languages id; Type: DEFAULT; Schema: public; Owner: root
--

ALTER TABLE ONLY public.user_languages ALTER COLUMN id SET DEFAULT nextval('public.user_languages_id_seq'::regclass);


--
-- Name: user_vocabulary id; Type: DEFAULT; Schema: public; Owner: root
--

ALTER TABLE ONLY public.user_vocabulary ALTER COLUMN id SET DEFAULT nextval('public.user_vocabulary_id_seq'::regclass);


--
-- Name: users id; Type: DEFAULT; Schema: public; Owner: root
--

ALTER TABLE ONLY public.users ALTER COLUMN id SET DEFAULT nextval('public.users_id_seq'::regclass);


--
-- Name: words id; Type: DEFAULT; Schema: public; Owner: root
--

ALTER TABLE ONLY public.words ALTER COLUMN id SET DEFAULT nextval('public.words_id_seq'::regclass);


--
-- Data for Name: languages; Type: TABLE DATA; Schema: public; Owner: root
--

COPY public.languages (id, name, code) FROM stdin;
1	English	en
2	Greek	gr
3	Farsi	fa
\.


--
-- Data for Name: letters; Type: TABLE DATA; Schema: public; Owner: root
--

COPY public.letters (id, writing_style, letter_sign, type, audio_url, image_url, language_id) FROM stdin;
\.


--
-- Data for Name: translations; Type: TABLE DATA; Schema: public; Owner: root
--

COPY public.translations (id, word_id, translation_word_id, level) FROM stdin;
1894	26	100000	A1
1895	26	100001	A1
1896	26	100002	A1
1897	27	100000	A1
1898	27	100001	A1
1899	27	100002	A1
1900	28	100003	A1
1901	28	100004	A1
1902	29	100005	A1
1903	30	100006	A1
1904	30	100007	A1
1905	31	100008	A1
1906	31	100009	A1
1907	32	100010	A1
1908	33	100011	A1
1909	34	100011	A1
1910	35	100012	A1
1911	36	100013	A1
1912	37	100014	A1
1913	38	100015	A1
1914	39	100016	A1
1915	40	100017	A1
1916	41	100018	A1
1917	41	100019	A1
1918	42	100020	A1
1919	43	100021	A1
1920	44	100022	A1
1921	45	100023	A1
1922	46	100024	A1
1923	46	100025	A1
1924	46	100026	A1
1925	47	100027	A1
1926	48	100028	A1
1927	49	100029	A1
1928	50	100030	A1
1929	50	100031	A1
1930	51	100032	A1
1931	52	100033	A1
1932	53	100034	A1
1933	54	100035	A1
1934	54	100036	A1
1935	54	100037	A1
1936	55	100038	A1
1937	56	100039	A1
1938	57	100040	A1
1939	57	100041	A1
1940	58	100042	A1
1941	58	100043	A1
1942	59	100044	A1
1943	60	100045	A1
1944	61	100046	A1
1945	62	100047	A1
1946	63	100048	A1
1947	63	100049	A1
1948	64	100050	A1
1949	65	100051	A1
1950	66	100052	A1
1951	67	100053	A1
1952	68	100054	A1
1953	69	100055	A1
1954	69	100056	A1
1955	70	100057	A1
1956	70	100058	A1
1957	71	100059	A1
1958	71	100060	A1
1959	71	100061	A1
1960	71	100062	A1
1961	72	100063	A1
1962	73	100064	A1
1963	74	100065	A1
1964	75	100066	A1
1965	76	100067	A1
1966	77	100068	A1
1967	78	100069	A1
1968	79	100070	A1
1969	80	100071	A1
1970	81	100072	A1
1971	82	100073	A1
1972	82	100074	A1
1973	83	100075	A1
1974	84	100076	A1
1975	85	100077	A1
1976	85	100078	A1
1977	86	100077	A1
1978	87	100079	A1
1979	88	100080	A1
1980	89	100081	A1
1981	90	100082	A1
1982	91	100083	A1
1983	92	100084	A1
1984	93	100085	A1
1985	94	100086	A1
1986	95	100021	A1
1987	96	100087	A1
1988	97	100088	A1
1989	98	100089	A1
1990	99	100090	A1
1991	100	100091	A1
1992	101	100092	A1
1993	102	100092	A1
1994	103	100093	A1
1995	104	100094	A1
1996	105	100095	A1
1997	106	100096	A1
1998	107	100097	A1
1999	107	100098	A1
2000	108	100099	A1
2001	108	100100	A1
2002	109	100101	A1
2003	110	100102	A1
2004	111	100103	A1
2005	112	100104	A1
2006	113	100105	A1
2007	114	100106	A1
2008	114	100107	A1
2009	115	100108	A1
2010	116	100109	A1
2011	117	100110	A1
2012	118	100111	A1
2013	119	100112	A1
2014	120	100113	A1
2015	121	100114	A1
2016	121	100115	A1
2017	122	100116	A1
2018	123	100117	A1
2019	124	100118	A1
2020	125	100119	A1
2021	126	100120	A1
2022	127	100121	A1
2023	128	100122	A1
2024	128	100123	A1
2025	129	100124	A1
2026	129	100125	A1
2027	130	100126	A1
2028	131	100127	A1
2029	132	100128	A1
2030	133	100129	A1
2031	134	100130	A1
2032	135	100131	A1
2033	136	100132	A1
2034	137	100133	A1
2035	138	100134	A1
2036	138	100135	A1
2037	139	100136	A1
2038	140	100137	A1
2039	141	100138	A1
2040	142	100139	A1
2041	143	100140	A1
2042	144	100141	A1
2043	145	100142	A1
2044	146	100143	A1
2045	146	100144	A1
2046	147	100145	A1
2047	148	100146	A1
2048	149	100147	A1
2049	150	100148	A1
2050	151	100149	A1
2051	152	100150	A1
2052	153	100151	A1
2053	154	100152	A1
2054	155	100153	A1
2055	155	100154	A1
2056	156	100155	A1
2057	156	100156	A1
2058	157	100157	A1
2059	157	100158	A1
2060	158	100159	A1
2061	159	100160	A1
2062	160	100161	A1
2063	161	100162	A1
2064	162	100163	A1
2065	163	100164	A1
2066	164	100165	A1
2067	164	100166	A1
2068	165	100167	A1
2069	166	100168	A1
2070	167	100169	A1
2071	167	100170	A1
2072	168	100171	A1
2073	169	100172	A1
2074	170	100173	A1
2075	170	100174	A1
2076	171	100175	A1
2077	172	100176	A1
2078	173	100177	A1
2079	174	100178	A1
2080	175	100179	A1
2081	176	100180	A1
2082	177	100181	A1
2083	178	100182	A1
2084	179	100183	A1
2085	180	100184	A1
2086	180	100185	A1
2087	181	100186	A1
2088	182	100187	A1
2089	183	100188	A1
2090	184	100189	A1
2091	185	100190	A1
2092	186	100191	A1
2093	187	100192	A1
2094	188	100193	A1
2095	189	100194	A1
2096	190	100195	A1
2097	191	100196	A1
2098	192	100197	A1
2099	193	100198	A1
2100	193	100199	A1
2101	194	100200	A1
2102	195	100201	A1
2103	196	100202	A1
2104	197	100203	A1
2105	198	100204	A1
2106	199	100205	A1
2107	200	100206	A1
2108	201	100207	A1
2109	202	100208	A1
2110	203	100209	A1
2111	204	100210	A1
2112	205	100211	A1
2113	206	100212	A1
2114	207	100213	A1
2115	208	100214	A1
2116	209	100215	A1
2117	210	100216	A1
2118	211	100217	A1
2119	212	100218	A1
2120	213	100219	A1
2121	214	100220	A1
2122	215	100221	A1
2123	216	100222	A1
2124	217	100223	A1
2125	218	100224	A1
2126	219	100225	A1
2127	220	100226	A1
2128	221	100227	A1
2129	221	100228	A1
2130	222	100207	A1
2131	223	100229	A1
2132	224	100230	A1
2133	225	100231	A1
2134	226	100232	A1
2135	227	100233	A1
2136	228	100234	A1
2137	229	100235	A1
2138	230	100236	A1
2139	231	100237	A1
2140	232	100238	A1
2141	233	100239	A1
2142	234	100240	A1
2143	235	100241	A1
2144	236	100242	A1
2145	237	100243	A1
2146	237	100244	A1
2147	238	100245	A1
2148	239	100246	A1
2149	240	100247	A1
2150	241	100066	A1
2151	242	100249	A1
2152	242	100250	A1
2153	243	100251	A1
2154	244	100252	A1
2155	245	100253	A1
2156	246	100254	A1
2157	247	100255	A1
2158	248	100256	A1
2159	249	100257	A1
2160	249	100258	A1
2161	250	100259	A1
2162	251	100260	A1
2163	251	100261	A1
2164	252	100215	A1
2165	252	100218	A1
2166	252	100294	A1
2167	253	100262	A1
2168	254	100264	A1
2169	255	100265	A1
2170	256	100266	A1
2171	256	100267	A1
2172	257	100268	A1
2173	258	100269	A1
2174	259	100270	A1
2175	260	100271	A1
2176	261	100272	A1
2177	262	100273	A1
2178	263	100274	A1
2179	264	100275	A1
2180	265	100276	A1
2181	265	100277	A1
2182	266	100278	A1
2183	267	100279	A1
2184	268	100280	A1
2185	268	100281	A1
2186	269	100282	A1
2187	270	100283	A1
2188	271	100284	A1
2189	272	100285	A1
2190	273	100286	A1
2191	274	100287	A1
2192	275	100288	A1
2193	276	100289	A1
2194	277	100290	A1
2195	277	100291	A1
2196	278	100292	A1
2197	279	100293	A1
2198	280	100294	A1
2199	281	100295	A1
2200	282	100296	A1
2201	282	100297	A1
2202	283	100298	A1
2203	284	100299	A1
2204	284	100300	A1
2205	285	100301	A1
2206	286	100302	A1
2207	287	100303	A1
2208	288	100304	A1
2209	289	100305	A1
2210	290	100306	A1
2211	291	100307	A1
2212	292	100308	A1
2213	293	100309	A1
2214	294	100310	A1
2215	295	100311	A1
2216	296	100312	A1
2217	297	100313	A1
2218	297	100314	A1
2219	298	100315	A1
2220	299	100316	A1
2221	300	100317	A1
2222	300	100318	A1
2223	301	100319	A1
2224	302	100320	A1
2225	303	100321	A1
2226	304	100322	A1
2227	305	100323	A1
2228	306	100324	A1
2229	307	100325	A1
2230	308	100326	A1
2231	309	100327	A1
2232	310	100328	A1
2233	311	100329	A1
2234	312	100330	A1
2235	313	100331	A1
2236	314	100332	A1
2237	315	100333	A1
2238	316	100334	A1
2239	317	100048	A1
2240	318	100335	A1
2241	319	100336	A1
2242	320	100337	A1
2243	321	100338	A1
2244	322	100339	A1
2245	323	100340	A1
2246	324	100341	A1
2247	325	100342	A1
2248	326	100343	A1
2249	327	100344	A1
2250	328	100345	A1
2251	329	100346	A1
2252	330	100347	A1
2253	331	100348	A1
2254	332	100001	A1
2255	333	100349	A1
2256	334	100347	A1
2257	335	100347	A1
2258	336	100350	A1
2259	337	100342	A1
2260	338	100342	A1
2261	339	100351	A1
2262	340	100352	A1
2263	341	100353	A1
2264	342	100354	A1
2265	343	100355	A1
2266	344	100356	A1
2267	345	100357	A1
2268	346	100358	A1
2269	347	100359	A1
2270	347	100360	A1
2271	348	100361	A1
2272	349	100362	A1
2273	350	100354	A1
2274	351	100062	A1
2275	351	100228	A1
2276	352	100021	A1
2277	353	100363	A1
2278	354	100364	A1
2279	355	100229	A1
2280	356	100365	A1
2281	357	100366	A1
2282	358	100367	A1
2283	359	100368	A1
2284	360	100369	A1
2285	361	100059	A1
2286	362	100370	A1
2287	363	100371	A1
2288	363	100372	A1
2289	364	100373	A1
2290	365	100374	A1
2291	366	100375	A1
2292	367	100376	A1
2293	367	100377	A1
2294	368	100378	A1
2295	369	100379	A1
2296	370	100380	A1
2297	370	100381	A1
2298	371	100382	A1
2299	372	100228	A1
2300	373	100342	A1
2301	374	100383	A1
2302	374	100384	A1
2303	375	100385	A1
2304	376	100386	A1
2305	377	100387	A1
2306	377	100388	A1
2307	378	100389	A1
2308	379	100390	A1
2309	379	100391	A1
2310	380	100392	A1
2311	381	100393	A1
2312	381	100394	A1
2313	382	100395	A1
2314	383	100396	A1
2315	384	100397	A1
2316	385	100398	A1
2317	386	100399	A1
2318	386	100400	A1
2319	387	100401	A1
2320	387	100402	A1
2321	388	100403	A1
2322	389	100350	A1
2323	389	100404	A1
2324	390	100405	A1
2325	391	100406	A1
2326	392	100407	A1
2327	393	100057	A1
2328	394	100087	A1
2329	395	100066	A1
2330	396	100408	A1
2331	396	100409	A1
2332	397	100410	A1
2333	398	100411	A1
2334	399	100412	A1
2335	399	100413	A1
2336	400	100414	A1
2337	400	100415	A1
2338	401	100416	A1
2339	402	100417	A1
2340	402	100418	A1
2341	403	100419	A1
2342	404	100420	A1
2343	405	100056	A1
2344	406	100222	A1
2345	407	100421	A1
2346	408	100422	A1
2347	409	100423	A1
2348	409	100424	A1
2349	410	100425	A1
2350	411	100426	A1
2351	411	100427	A1
2352	412	100428	A1
2353	413	100429	A1
2354	414	100430	A1
2355	415	100431	A1
2356	416	100432	A1
2357	417	100433	A1
2358	418	100434	A1
2359	419	100435	A1
2360	419	100436	A1
2361	420	100437	A1
2362	421	100438	A1
2363	421	100439	A1
2364	422	100440	A1
2365	423	100441	A1
2366	423	100442	A1
2367	424	100443	A1
2368	425	100444	A1
2369	426	100445	A1
2370	427	100446	A1
2371	428	100447	A1
2372	429	100448	A1
2373	429	100449	A1
2374	430	100450	A1
2375	431	100451	A1
2376	432	100229	A1
2377	433	100452	A1
2378	434	100453	A1
2379	435	100454	A1
2380	435	100455	A1
2381	436	100456	A1
2382	437	100457	A1
2383	438	100458	A1
2384	439	100459	A1
2385	440	100460	A1
2386	440	100461	A1
2387	441	100462	A1
2388	442	100463	A1
2389	443	100464	A1
2390	444	100465	A1
2391	445	100466	A1
2392	446	100467	A1
2393	447	100468	A1
2394	448	100469	A1
2395	448	100470	A1
2396	449	100471	A1
2397	450	100472	A1
2398	451	100473	A1
2399	451	100474	A1
2400	452	100475	A1
2401	453	100476	A1
2402	454	100477	A1
2403	454	100478	A1
2404	455	100479	A1
2405	456	100480	A1
2406	457	100481	A1
2407	458	100482	A1
2408	459	100483	A1
2409	460	100485	A1
2410	461	100486	A1
2411	462	100487	A1
2412	463	100488	A1
2413	463	100489	A1
2414	464	100490	A1
2415	465	100491	A1
2416	466	100484	A1
2417	467	100492	A1
2418	468	100493	A1
2419	469	100494	A1
2420	470	100342	A1
2421	471	100495	A1
2422	472	100496	A1
2423	473	100497	A1
2424	474	100498	A1
2425	475	100227	A1
2426	476	100499	A1
2427	476	100500	A1
2428	477	100501	A1
2429	477	100502	A1
2430	478	100503	A1
2431	479	100504	A1
2432	480	100505	A1
2433	481	100506	A1
2434	481	100507	A1
2435	482	100508	A1
2436	483	100509	A1
2437	484	100510	A1
2438	485	100511	A1
2439	486	100512	A1
2440	487	100513	A1
2441	488	100513	A1
2442	489	100464	A1
2443	490	100514	A1
2444	491	100515	A1
2445	492	100492	A1
2446	493	100516	A1
2447	494	100043	A1
2448	495	100517	A1
2449	496	100518	A1
2450	497	100519	A1
2451	498	100362	A1
2452	499	100520	A1
2453	500	100521	A1
2454	500	100522	A1
2455	501	100523	A1
2456	502	100524	A1
2457	503	100525	A1
2458	504	100526	A1
2459	505	100027	A1
2460	506	100527	A1
2461	507	100528	A1
2462	508	100529	A1
2463	509	100530	A1
2464	510	100531	A1
2465	511	100532	A1
2466	512	100533	A1
2467	513	100534	A1
2468	514	100535	A1
2469	515	100536	A1
2470	516	100537	A1
2471	517	100538	A1
2472	518	100539	A1
2473	519	100342	A1
2474	520	100540	A1
2475	521	100541	A1
2476	522	100542	A1
2477	523	100543	A1
2478	524	100544	A1
2479	525	100545	A1
2480	525	100546	A1
2481	526	100547	A1
2482	527	100548	A1
2483	528	100549	A1
2484	529	100550	A1
2485	530	100551	A1
2486	531	100552	A1
2487	532	100553	A1
2488	533	100554	A1
2489	534	100555	A1
2490	535	100556	A1
2491	536	100557	A1
2492	537	100558	A1
2493	538	100559	A1
2494	539	100560	A1
2495	540	100561	A1
2496	541	100562	A1
2497	542	100563	A1
2498	543	100564	A1
2499	544	100565	A1
2500	545	100566	A1
2501	546	100567	A1
2502	547	100568	A1
2503	548	100568	A1
2504	549	100569	A1
2505	550	100570	A1
2506	551	100571	A1
2507	552	100572	A1
2508	553	100573	A1
2509	554	100574	A1
2510	555	100575	A1
2511	556	100576	A1
2512	557	100577	A1
2513	558	100578	A1
2514	559	100579	A1
2515	560	100580	A1
2516	561	100581	A1
2517	562	100582	A1
2518	562	100583	A1
2519	563	100584	A1
2520	564	100585	A1
2521	565	100586	A1
2522	566	100587	A1
2523	567	100588	A1
2524	568	100589	A1
2525	569	100590	A1
2526	570	100591	A1
2527	571	100592	A1
2528	572	100593	A1
2529	573	100594	A1
2530	574	100595	A1
2531	575	100596	A1
2532	576	100597	A1
2533	577	100598	A1
2534	578	100599	A1
2535	579	100600	A1
2536	580	100601	A1
2537	581	100602	A1
2538	582	100603	A1
2539	583	100604	A1
2540	584	100605	A1
2541	585	100606	A1
2542	586	100035	A1
2543	587	100607	A1
2544	588	100607	A1
2545	589	100610	A1
2546	590	100611	A1
2547	591	100612	A1
2548	592	100613	A1
2549	593	100614	A1
2550	594	100615	A1
2551	595	100616	A1
2552	596	100617	A1
2553	597	100618	A1
2554	598	100619	A1
2555	598	100620	A1
2556	599	100621	A1
2557	600	100622	A1
2558	601	100623	A1
2559	602	100624	A1
2560	603	100625	A1
2561	604	100626	A1
2562	605	100627	A1
2563	606	100628	A1
2564	607	100629	A1
2565	608	100630	A1
2566	609	100631	A1
2567	610	100632	A1
2568	611	100633	A1
2569	612	100634	A1
2570	613	100635	A1
2571	613	100636	A1
2572	614	100637	A1
2573	615	100638	A1
2574	616	100639	A1
2575	617	100640	A1
2576	618	100641	A1
2577	619	100642	A1
2578	620	100643	A1
2579	621	100644	A1
2580	622	100645	A1
2581	623	100646	A1
2582	624	100647	A1
2583	625	100648	A1
2584	626	100649	A1
2585	627	100650	A1
2586	628	100621	A1
2587	628	100651	A1
2588	629	100350	A1
2589	630	100652	A1
2590	631	100653	A1
2591	632	100654	A1
2592	633	100655	A1
2593	633	100656	A1
2594	634	100657	A1
2595	635	100658	A1
2596	636	100567	A1
2597	637	100660	A1
2598	638	100661	A1
2599	639	100662	A1
2600	640	100663	A1
2601	641	100664	A1
2602	641	100665	A1
2603	642	100666	A1
2604	643	100667	A1
2605	644	100668	A1
2606	645	100669	A1
2607	646	100670	A1
2608	647	100671	A1
2609	648	100000	A1
2610	648	100001	A1
2611	648	100002	A1
2612	649	100672	A1
2613	650	100673	A1
2614	651	100674	A1
2615	652	100675	A1
2616	653	100676	A1
2617	654	100677	A1
2618	655	100678	A1
2619	656	100679	A1
2620	656	100680	A1
2621	657	100681	A1
2622	658	100682	A1
2623	659	100683	A1
2624	660	100684	A1
2625	661	100685	A1
2626	662	100686	A1
2627	663	100687	A1
2628	664	100688	A1
2629	665	100689	A1
2630	666	100690	A1
2631	667	100362	A1
2632	668	100691	A1
2633	669	100692	A1
2634	670	100693	A1
2635	671	100694	A1
2636	672	100695	A1
2637	673	100696	A1
2638	674	100697	A1
2639	675	100698	A1
2640	676	100699	A1
2641	677	100700	A1
2642	677	100701	A1
2643	678	100702	A1
2644	679	100703	A1
2645	680	100704	A1
2646	681	100705	A1
2647	682	100082	A1
2648	683	100706	A1
2649	684	100707	A1
2650	685	100708	A1
2651	686	100709	A1
2652	687	100710	A1
2653	688	100711	A1
2654	689	100712	A1
2655	689	100713	A1
2656	690	100714	A1
2657	691	100715	A1
2658	692	100716	A1
2659	692	100717	A1
2660	693	100660	A1
2661	694	100718	A1
2662	695	100719	A1
2663	696	100720	A1
2664	697	100721	A1
2665	698	100722	A1
2666	699	100723	A1
2667	700	100724	A1
2668	701	100725	A1
2669	702	100726	A1
2670	703	100727	A1
2671	704	100728	A1
2672	705	100729	A1
2673	706	100730	A1
2674	707	100731	A1
2675	708	100732	A1
2676	709	100733	A1
2677	710	100734	A1
2678	711	100735	A1
2679	712	100736	A1
2680	713	100737	A1
2681	714	100738	A1
2682	715	100739	A1
2683	716	100740	A1
2684	717	100741	A1
2685	718	100742	A1
2686	719	100743	A1
2687	720	100744	A1
2688	721	100745	A1
2689	722	100746	A1
2690	723	100747	A1
2691	724	100748	A1
2692	725	100749	A1
2693	726	100750	A1
2694	727	100751	A1
2695	728	100229	A1
2696	729	100200	A1
2697	730	100022	A1
2698	731	100737	A1
2699	732	100752	A1
2700	733	100753	A1
2701	734	100754	A1
2702	735	100755	A1
2703	736	100756	A1
2704	737	100757	A1
2705	738	100758	A1
2706	739	100759	A1
2707	740	100760	A1
2708	741	100761	A1
2709	742	100762	A1
2710	742	100763	A1
2711	743	100764	A1
2712	744	100765	A1
2713	745	100766	A1
2714	746	100767	A1
2715	747	100768	A1
2716	748	100769	A1
2717	749	100770	A1
2718	750	100771	A1
2719	751	100772	A1
2720	752	100773	A1
2721	753	100774	A1
2722	754	100775	A1
2723	755	100776	A1
2724	756	100777	A1
2725	757	100778	A1
2726	758	100779	A1
2727	759	100780	A1
2728	760	100781	A1
2729	761	100782	A1
2730	762	100783	A1
2731	763	100784	A1
2732	764	100785	A1
2733	765	100786	A1
2734	766	100787	A1
2735	766	100788	A1
2736	767	100789	A1
2737	768	100790	A1
2738	769	100791	A1
2739	770	100792	A1
2740	771	100793	A1
2741	772	100794	A1
2742	773	100795	A1
2743	774	100796	A1
2744	775	100797	A1
2745	776	100342	A1
2746	777	100798	A1
2747	778	100799	A1
2748	779	100800	A1
2749	780	100677	A1
2750	781	100801	A1
2751	782	100802	A1
2752	783	100803	A1
2753	784	100804	A1
2754	785	100805	A1
2755	786	100806	A1
2756	787	100807	A1
2757	788	100808	A1
2758	789	100809	A1
2759	790	100810	A1
2760	791	100811	A1
2761	792	100812	A1
2762	793	100813	A1
2763	794	100814	A1
2764	795	100815	A1
2765	796	100816	A1
2766	797	100817	A1
2767	798	100818	A1
2768	799	100819	A1
2769	800	100820	A1
2770	801	100821	A1
2771	802	100079	A1
2772	803	100079	A1
2773	804	100079	A1
2774	805	100822	A1
2775	806	100823	A1
2776	807	100824	A1
2777	808	100825	A1
2778	809	100826	A1
2779	810	100827	A1
2780	811	100817	A1
2781	812	100819	A1
2782	813	100818	A1
2783	814	100818	A1
2784	815	100818	A1
2785	816	100819	A1
2786	817	100819	A1
2787	818	100822	A1
2788	819	100822	A1
2789	820	100822	A1
2790	821	100822	A1
2791	822	100825	A1
2792	823	100825	A1
2793	824	100825	A1
2794	825	100825	A1
2795	826	100825	A1
2796	827	100825	A1
2797	828	100191	A1
2798	829	100191	A1
2799	830	100191	A1
2800	831	100102	A1
2801	832	100828	A1
2802	833	100829	A1
2803	834	100830	A1
2804	835	100831	A1
2805	836	100832	A1
2806	837	100833	A1
2807	838	100834	A1
2808	839	100835	A1
2809	840	100836	A1
2810	841	100837	A1
2811	842	100838	A1
2812	843	100839	A1
2813	844	100505	A1
2814	845	100379	A1
2815	846	100840	A1
2816	847	100521	A1
2817	848	100841	A1
2818	849	100728	A1
2819	850	100000	A1
2820	850	100001	A1
2821	850	100002	A1
2822	851	100518	A1
2823	852	100028	A1
2824	853	100842	A1
2825	854	100225	A1
\.


--
-- Data for Name: user_languages; Type: TABLE DATA; Schema: public; Owner: root
--

COPY public.user_languages (id, user_id, native_language_id, learning_language_id, created_at, proficiency_level, experience, is_current_language) FROM stdin;
10	61	1	1	2025-12-18 17:30:45.123+02	N	24	t
11	61	2	1	2025-12-18 17:30:45.123+02	C1	10101	f
12	62	1	1	2025-12-18 17:30:45.123+02	N	24	t
13	62	2	1	2025-12-18 17:30:45.123+02	C1	10101	f
14	63	1	1	2025-12-18 17:30:45.123+02	N	24	f
15	63	2	1	2025-12-18 17:30:45.123+02	C1	10101	t
16	64	1	1	2025-12-18 17:30:45.123+02	N	24	f
17	64	2	1	2025-12-18 17:30:45.123+02	C1	10101	t
\.


--
-- Data for Name: user_vocabulary; Type: TABLE DATA; Schema: public; Owner: root
--

COPY public.user_vocabulary (id, user_id, word_id, mastery_level, last_review, created_at) FROM stdin;
1	61	1	1	2025-12-18 17:30:45.123+02	2025-12-18 17:30:45.123+02
2	61	27	1	2025-12-18 17:30:45.123+02	2025-12-18 17:30:45.123+02
3	61	28	1	2025-12-18 17:30:45.123+02	2025-12-18 17:30:45.123+02
4	61	29	1	2025-12-18 17:30:45.123+02	2025-12-18 17:30:45.123+02
5	61	30	1	2025-12-18 17:30:45.123+02	2025-12-18 17:30:45.123+02
6	61	31	1	2025-12-18 17:30:45.123+02	2025-12-18 17:30:45.123+02
7	62	1	1	2025-12-18 17:30:45.123+02	2025-12-18 17:30:45.123+02
8	62	27	1	2025-12-18 17:30:45.123+02	2025-12-18 17:30:45.123+02
9	62	28	1	2025-12-18 17:30:45.123+02	2025-12-18 17:30:45.123+02
10	62	29	1	2025-12-18 17:30:45.123+02	2025-12-18 17:30:45.123+02
11	62	30	1	2025-12-18 17:30:45.123+02	2025-12-18 17:30:45.123+02
12	62	31	1	2025-12-18 17:30:45.123+02	2025-12-18 17:30:45.123+02
13	63	1	1	2025-12-18 17:30:45.123+02	2025-12-18 17:30:45.123+02
14	63	27	1	2025-12-18 17:30:45.123+02	2025-12-18 17:30:45.123+02
15	63	28	1	2025-12-18 17:30:45.123+02	2025-12-18 17:30:45.123+02
16	63	29	1	2025-12-18 17:30:45.123+02	2025-12-18 17:30:45.123+02
17	63	30	1	2025-12-18 17:30:45.123+02	2025-12-18 17:30:45.123+02
18	63	31	1	2025-12-18 17:30:45.123+02	2025-12-18 17:30:45.123+02
19	64	1	1	2025-12-18 17:30:45.123+02	2025-12-18 17:30:45.123+02
20	64	27	1	2025-12-18 17:30:45.123+02	2025-12-18 17:30:45.123+02
21	64	28	1	2025-12-18 17:30:45.123+02	2025-12-18 17:30:45.123+02
22	64	29	1	2025-12-18 17:30:45.123+02	2025-12-18 17:30:45.123+02
23	64	30	1	2025-12-18 17:30:45.123+02	2025-12-18 17:30:45.123+02
24	64	31	1	2025-12-18 17:30:45.123+02	2025-12-18 17:30:45.123+02
\.


--
-- Data for Name: users; Type: TABLE DATA; Schema: public; Owner: root
--

COPY public.users (id, google_id, first_name, last_name, username, password_hash, refresh_token, email, profile_picture, joined_date, last_login, energy, coins, age, preferences, total_experience, notifications, email_verified) FROM stdin;
61	\N	matin	\N	matin1	$2b$10$FY35IPLzOBobaLo3kJGY8eh9u.x3sYXRmSYW74Sai5ylTOPOhX5MC	eyJhbGciOiJIUzI1NiIsInR5cCI6IkpXVCJ9.eyJpZCI6IjYxIiwiaWF0IjoxNzY2NzY2NDQ3LCJleHAiOjE3NjkzNTg0NDd9._9DoTPJddNfQyjqomBeYyxMk1UsmFMlyEdBDzpuTWvc	MATIN1@ionio.gr	\N	2025-12-26 18:27:27.083643+02	2025-12-26 18:27:27.092821+02	100	20	18	reading music sports	0	t	f
62	\N	matin	\N	matin2	$2b$10$iA6JqOYc8uydUMfrETV/g.TcnUJEm1um7/Z83fuGw/HZXssBD5Haq	eyJhbGciOiJIUzI1NiIsInR5cCI6IkpXVCJ9.eyJpZCI6IjYyIiwiaWF0IjoxNzY2NzcyNTMwLCJleHAiOjE3NjkzNjQ1MzB9.n7-d6yrTJL-OVv__pl4kNmOe4V3OG6C6uniDYcorKjY	MATIN2@ionio.gr	\N	2025-12-26 20:08:50.055972+02	2025-12-26 20:08:50.061903+02	100	20	18	reading music sports	0	t	f
63	\N	matin	\N	matin3	$2b$10$cgzTMChKu2pQayUp9fAb9.qOyXJEcBW.usvkcTzC7xW6YUEXczItG	eyJhbGciOiJIUzI1NiIsInR5cCI6IkpXVCJ9.eyJpZCI6IjYzIiwiaWF0IjoxNzY2NzcyNTk0LCJleHAiOjE3NjkzNjQ1OTR9.91xE_eg-flpi6gxUkCAZ38AdCVNQ1Vy-up0jZYvC5uE	MATIN3@ionio.gr	\N	2025-12-26 20:09:54.52753+02	2025-12-26 20:09:54.535392+02	100	20	18	reading music sports	0	t	f
64	\N	matin	\N	matin4	$2b$10$c1pNw3Yjw1rsRcwu1OVBwuonYO5ZVsGtdVy3wD3SEnubx0EXQuava	eyJhbGciOiJIUzI1NiIsInR5cCI6IkpXVCJ9.eyJpZCI6IjY0IiwiaWF0IjoxNzY2Nzc0MTU3LCJleHAiOjE3NjkzNjYxNTd9.wroMugCx1XdABLiDapG81KB8JcODu1E0JbpC46290IE	MATIN4@ionio.gr	\N	2025-12-26 20:35:57.85003+02	2025-12-26 20:35:57.856723+02	100	20	18	reading music sports	0	t	f
\.


--
-- Data for Name: words; Type: TABLE DATA; Schema: public; Owner: root
--

COPY public.words (id, written_form, part_of_speech, image_url, audio_url, language_id, level, article) FROM stdin;
0	a	letter	\N	\N	1	N	\N
1	b	letter	\N	\N	1	N	\N
2	c	letter	\N	\N	1	N	\N
3	d	letter	\N	\N	1	N	\N
4	e	letter	\N	\N	1	N	\N
5	f	letter	\N	\N	1	N	\N
6	g	letter	\N	\N	1	N	\N
7	h	letter	\N	\N	1	N	\N
8	i	letter	\N	\N	1	N	\N
9	j	letter	\N	\N	1	N	\N
10	k	letter	\N	\N	1	N	\N
11	l	letter	\N	\N	1	N	\N
12	m	letter	\N	\N	1	N	\N
13	n	letter	\N	\N	1	N	\N
14	o	letter	\N	\N	1	N	\N
15	p	letter	\N	\N	1	N	\N
16	q	letter	\N	\N	1	N	\N
17	r	letter	\N	\N	1	N	\N
18	s	letter	\N	\N	1	N	\N
19	t	letter	\N	\N	1	N	\N
20	u	letter	\N	\N	1	N	\N
21	v	letter	\N	\N	1	N	\N
22	w	letter	\N	\N	1	N	\N
23	x	letter	\N	\N	1	N	\N
24	y	letter	\N	\N	1	N	\N
25	z	letter	\N	\N	1	N	\N
26	a	det	\N	\N	1	A1	\N
27	an	det	\N	\N	1	A1	\N
28	about	prep	\N	\N	1	A1	\N
29	above	prep	\N	\N	1	A1	\N
30	across	prep	\N	\N	1	A1	\N
31	action	n	\N	\N	1	A1	\N
32	activity	n	\N	\N	1	A1	\N
33	actor	n	\N	\N	1	A1	\N
34	actress	n	\N	\N	1	A1	\N
35	add	v	\N	\N	1	A1	\N
36	address	n	\N	\N	1	A1	\N
37	adult	n	\N	\N	1	A1	\N
38	afraid	adj	\N	\N	1	A1	\N
39	after	prep	\N	\N	1	A1	\N
40	afternoon	n	\N	\N	1	A1	\N
41	again	adv	\N	\N	1	A1	\N
42	age	n	\N	\N	1	A1	\N
43	ago	adv	\N	\N	1	A1	\N
44	air	n	\N	\N	1	A1	\N
45	airport	n	\N	\N	1	A1	\N
46	all	det	\N	\N	1	A1	\N
47	all right	adj	\N	\N	1	A1	\N
48	also	adv	\N	\N	1	A1	\N
49	always	adv	\N	\N	1	A1	\N
50	amazing	adj	\N	\N	1	A1	\N
51	and	conj	\N	\N	1	A1	\N
52	angry	adj	\N	\N	1	A1	\N
53	animal	n	\N	\N	1	A1	\N
54	another	det	\N	\N	1	A1	\N
55	answer	n	\N	\N	1	A1	\N
56	any	det	\N	\N	1	A1	\N
57	anyone	pron	\N	\N	1	A1	\N
58	anything	pron	\N	\N	1	A1	\N
59	apartment	n	\N	\N	1	A1	\N
60	apple	n	\N	\N	1	A1	\N
61	April	n	\N	\N	1	A1	\N
62	area	n	\N	\N	1	A1	\N
63	arm	n	\N	\N	1	A1	\N
64	around	prep	\N	\N	1	A1	\N
65	arrive	v	\N	\N	1	A1	\N
66	art	n	\N	\N	1	A1	\N
67	article	n	\N	\N	1	A1	\N
68	artist	n	\N	\N	1	A1	\N
69	as	prep	\N	\N	1	A1	\N
70	ask	v	\N	\N	1	A1	\N
71	at	prep	\N	\N	1	A1	\N
72	August	n	\N	\N	1	A1	\N
73	aunt	n	\N	\N	1	A1	\N
74	autumn	n	\N	\N	1	A1	\N
75	away	adv	\N	\N	1	A1	\N
76	baby	n	\N	\N	1	A1	\N
77	back	adv	\N	\N	1	A1	\N
78	bad	adj	\N	\N	1	A1	\N
79	bag	n	\N	\N	1	A1	\N
80	ball	n	\N	\N	1	A1	\N
81	banana	n	\N	\N	1	A1	\N
82	band	n	\N	\N	1	A1	\N
83	bank	n	\N	\N	1	A1	\N
84	bar	n	\N	\N	1	A1	\N
85	bath	n	\N	\N	1	A1	\N
86	bathroom	n	\N	\N	1	A1	\N
87	be	v	\N	\N	1	A1	\N
88	beach	n	\N	\N	1	A1	\N
89	beautiful	adj	\N	\N	1	A1	\N
90	because	conj	\N	\N	1	A1	\N
91	become	v	\N	\N	1	A1	\N
92	bed	n	\N	\N	1	A1	\N
93	bedroom	n	\N	\N	1	A1	\N
94	beer	n	\N	\N	1	A1	\N
95	before	prep	\N	\N	1	A1	\N
96	begin	v	\N	\N	1	A1	\N
97	beginning	n	\N	\N	1	A1	\N
98	behind	prep	\N	\N	1	A1	\N
99	believe	v	\N	\N	1	A1	\N
100	below	prep	\N	\N	1	A1	\N
101	best	adj	\N	\N	1	A1	\N
102	better	adj	\N	\N	1	A1	\N
103	between	prep	\N	\N	1	A1	\N
104	bicycle	n	\N	\N	1	A1	\N
105	big	adj	\N	\N	1	A1	\N
106	cafe	n	\N	\N	1	A1	\N
107	cake	n	\N	\N	1	A1	\N
108	call	v	\N	\N	1	A1	\N
109	camera	n	\N	\N	1	A1	\N
110	can	v	\N	\N	1	A1	\N
111	car	n	\N	\N	1	A1	\N
112	card	n	\N	\N	1	A1	\N
113	carrot	n	\N	\N	1	A1	\N
114	carry	v	\N	\N	1	A1	\N
115	cat	n	\N	\N	1	A1	\N
116	CD	n	\N	\N	1	A1	\N
117	cent	n	\N	\N	1	A1	\N
118	centre	n	\N	\N	1	A1	\N
119	chair	n	\N	\N	1	A1	\N
120	change	v	\N	\N	1	A1	\N
121	chart	n	\N	\N	1	A1	\N
122	cheap	adj	\N	\N	1	A1	\N
123	check	v	\N	\N	1	A1	\N
124	cheese	n	\N	\N	1	A1	\N
125	chicken	n	\N	\N	1	A1	\N
126	child	n	\N	\N	1	A1	\N
127	chocolate	n	\N	\N	1	A1	\N
128	choose	v	\N	\N	1	A1	\N
129	cinema	n	\N	\N	1	A1	\N
130	city	n	\N	\N	1	A1	\N
131	class	n	\N	\N	1	A1	\N
132	classroom	n	\N	\N	1	A1	\N
133	clean	adj	\N	\N	1	A1	\N
134	climb	v	\N	\N	1	A1	\N
135	clock	n	\N	\N	1	A1	\N
136	close	v	\N	\N	1	A1	\N
137	clothes	n	\N	\N	1	A1	\N
138	club	n	\N	\N	1	A1	\N
139	coat	n	\N	\N	1	A1	\N
140	coffee	n	\N	\N	1	A1	\N
141	cold	adj	\N	\N	1	A1	\N
142	college	n	\N	\N	1	A1	\N
143	colour	n	\N	\N	1	A1	\N
144	come	v	\N	\N	1	A1	\N
145	company	n	\N	\N	1	A1	\N
146	complete	v	\N	\N	1	A1	\N
147	computer	n	\N	\N	1	A1	\N
148	concert	n	\N	\N	1	A1	\N
149	cook	v	\N	\N	1	A1	\N
150	cooking	n	\N	\N	1	A1	\N
151	cool	adj	\N	\N	1	A1	\N
152	correct	adj	\N	\N	1	A1	\N
153	cost	v	\N	\N	1	A1	\N
154	could	v	\N	\N	1	A1	\N
155	country	n	\N	\N	1	A1	\N
156	course	n	\N	\N	1	A1	\N
157	cousin	n	\N	\N	1	A1	\N
158	cow	n	\N	\N	1	A1	\N
159	cream	n	\N	\N	1	A1	\N
160	cup	n	\N	\N	1	A1	\N
161	dad	n	\N	\N	1	A1	\N
162	daily	adj	\N	\N	1	A1	\N
163	dance	v	\N	\N	1	A1	\N
164	dancer	n	\N	\N	1	A1	\N
165	dancing	n	\N	\N	1	A1	\N
166	dangerous	adj	\N	\N	1	A1	\N
167	dark	adj	\N	\N	1	A1	\N
168	date	n	\N	\N	1	A1	\N
169	daughter	n	\N	\N	1	A1	\N
170	day	n	\N	\N	1	A1	\N
171	dear	adj	\N	\N	1	A1	\N
172	December	n	\N	\N	1	A1	\N
173	decide	v	\N	\N	1	A1	\N
174	delicious	adj	\N	\N	1	A1	\N
175	desk	n	\N	\N	1	A1	\N
176	detail	n	\N	\N	1	A1	\N
177	dialogue	n	\N	\N	1	A1	\N
178	dictionary	n	\N	\N	1	A1	\N
179	die	v	\N	\N	1	A1	\N
180	diet	n	\N	\N	1	A1	\N
181	different	adj	\N	\N	1	A1	\N
182	difficult	adj	\N	\N	1	A1	\N
183	dinner	n	\N	\N	1	A1	\N
184	dirty	adj	\N	\N	1	A1	\N
185	dish	n	\N	\N	1	A1	\N
186	do	v	\N	\N	1	A1	\N
187	doctor	n	\N	\N	1	A1	\N
188	dog	n	\N	\N	1	A1	\N
189	dollar	n	\N	\N	1	A1	\N
190	door	n	\N	\N	1	A1	\N
191	down	adv	\N	\N	1	A1	\N
192	downstairs	adv	\N	\N	1	A1	\N
193	draw	v	\N	\N	1	A1	\N
194	dress	n	\N	\N	1	A1	\N
195	drink	v	\N	\N	1	A1	\N
196	drive	v	\N	\N	1	A1	\N
197	driver	n	\N	\N	1	A1	\N
198	driving	n	\N	\N	1	A1	\N
199	during	prep	\N	\N	1	A1	\N
200	DVD	n	\N	\N	1	A1	\N
201	each	det	\N	\N	1	A1	\N
202	ear	n	\N	\N	1	A1	\N
203	early	adj	\N	\N	1	A1	\N
204	east	n	\N	\N	1	A1	\N
205	easy	adj	\N	\N	1	A1	\N
206	eat	v	\N	\N	1	A1	\N
207	egg	n	\N	\N	1	A1	\N
208	eight	num	\N	\N	1	A1	\N
209	eighteen	num	\N	\N	1	A1	\N
210	eighty	num	\N	\N	1	A1	\N
211	elephant	n	\N	\N	1	A1	\N
212	eleven	num	\N	\N	1	A1	\N
213	else	adv	\N	\N	1	A1	\N
214	email	n	\N	\N	1	A1	\N
215	end	n	\N	\N	1	A1	\N
216	enjoy	v	\N	\N	1	A1	\N
217	enough	det	\N	\N	1	A1	\N
218	euro	n	\N	\N	1	A1	\N
219	even	adv	\N	\N	1	A1	\N
220	evening	n	\N	\N	1	A1	\N
221	ever	adv	\N	\N	1	A1	\N
222	every	det	\N	\N	1	A1	\N
223	everybody	pron	\N	\N	1	A1	\N
224	everyone	pron	\N	\N	1	A1	\N
225	everything	pron	\N	\N	1	A1	\N
226	exam	n	\N	\N	1	A1	\N
227	example	n	\N	\N	1	A1	\N
228	excited	adj	\N	\N	1	A1	\N
229	exciting	adj	\N	\N	1	A1	\N
230	exercise	n	\N	\N	1	A1	\N
231	expensive	adj	\N	\N	1	A1	\N
232	explain	v	\N	\N	1	A1	\N
233	extra	adj	\N	\N	1	A1	\N
234	eye	n	\N	\N	1	A1	\N
235	face	n	\N	\N	1	A1	\N
236	fall	v	\N	\N	1	A1	\N
237	false	adj	\N	\N	1	A1	\N
238	family	n	\N	\N	1	A1	\N
239	famous	adj	\N	\N	1	A1	\N
240	fantastic	adj	\N	\N	1	A1	\N
241	far	adv	\N	\N	1	A1	\N
242	farm	n	\N	\N	1	A1	\N
243	farmer	n	\N	\N	1	A1	\N
244	fast	adj	\N	\N	1	A1	\N
245	fat	adj	\N	\N	1	A1	\N
246	father	n	\N	\N	1	A1	\N
247	favourite	adj	\N	\N	1	A1	\N
248	February	n	\N	\N	1	A1	\N
249	feel	v	\N	\N	1	A1	\N
250	festival	n	\N	\N	1	A1	\N
251	few	det	\N	\N	1	A1	\N
252	fifteen	num	\N	\N	1	A1	\N
253	fifth	num	\N	\N	1	A1	\N
254	fifty	num	\N	\N	1	A1	\N
255	fill	v	\N	\N	1	A1	\N
256	film	n	\N	\N	1	A1	\N
257	final	adj	\N	\N	1	A1	\N
258	find	v	\N	\N	1	A1	\N
259	fine	adj	\N	\N	1	A1	\N
260	finish	v	\N	\N	1	A1	\N
261	fire	n	\N	\N	1	A1	\N
262	first	num	\N	\N	1	A1	\N
263	fish	n	\N	\N	1	A1	\N
264	five	num	\N	\N	1	A1	\N
265	fix	v	\N	\N	1	A1	\N
266	flat	n	\N	\N	1	A1	\N
267	flight	n	\N	\N	1	A1	\N
268	floor	n	\N	\N	1	A1	\N
269	flower	n	\N	\N	1	A1	\N
270	fly	v	\N	\N	1	A1	\N
271	follow	v	\N	\N	1	A1	\N
272	food	n	\N	\N	1	A1	\N
273	foot	n	\N	\N	1	A1	\N
274	football	n	\N	\N	1	A1	\N
275	for	prep	\N	\N	1	A1	\N
276	forget	v	\N	\N	1	A1	\N
277	form	n	\N	\N	1	A1	\N
278	forty	num	\N	\N	1	A1	\N
279	four	num	\N	\N	1	A1	\N
280	fourteen	num	\N	\N	1	A1	\N
281	fourth	num	\N	\N	1	A1	\N
282	free	adj	\N	\N	1	A1	\N
283	Friday	n	\N	\N	1	A1	\N
284	friend	n	\N	\N	1	A1	\N
285	friendly	adj	\N	\N	1	A1	\N
286	from	prep	\N	\N	1	A1	\N
287	front	n	\N	\N	1	A1	\N
288	fruit	n	\N	\N	1	A1	\N
289	full	adj	\N	\N	1	A1	\N
290	fun	n	\N	\N	1	A1	\N
291	funny	adj	\N	\N	1	A1	\N
292	future	n	\N	\N	1	A1	\N
293	game	n	\N	\N	1	A1	\N
294	garden	n	\N	\N	1	A1	\N
295	geography	n	\N	\N	1	A1	\N
296	get	v	\N	\N	1	A1	\N
297	girl	n	\N	\N	1	A1	\N
298	girlfriend	n	\N	\N	1	A1	\N
299	give	v	\N	\N	1	A1	\N
300	glass	n	\N	\N	1	A1	\N
301	go	v	\N	\N	1	A1	\N
302	good	adj	\N	\N	1	A1	\N
303	goodbye	interj	\N	\N	1	A1	\N
304	grandfather	n	\N	\N	1	A1	\N
305	grandmother	n	\N	\N	1	A1	\N
306	grandparent	n	\N	\N	1	A1	\N
307	great	adj	\N	\N	1	A1	\N
308	green	adj	\N	\N	1	A1	\N
309	grey	adj	\N	\N	1	A1	\N
310	group	n	\N	\N	1	A1	\N
311	grow	v	\N	\N	1	A1	\N
312	guess	v	\N	\N	1	A1	\N
313	guitar	n	\N	\N	1	A1	\N
314	gym	n	\N	\N	1	A1	\N
315	hair	n	\N	\N	1	A1	\N
316	half	n	\N	\N	1	A1	\N
317	hand	n	\N	\N	1	A1	\N
318	happen	v	\N	\N	1	A1	\N
319	happy	adj	\N	\N	1	A1	\N
320	hard	adj	\N	\N	1	A1	\N
321	hat	n	\N	\N	1	A1	\N
322	hate	v	\N	\N	1	A1	\N
323	have	v	\N	\N	1	A1	\N
324	have to	v	\N	\N	1	A1	\N
325	he	pron	\N	\N	1	A1	\N
326	head	n	\N	\N	1	A1	\N
327	health	n	\N	\N	1	A1	\N
328	healthy	adj	\N	\N	1	A1	\N
329	hear	v	\N	\N	1	A1	\N
330	hello	interj	\N	\N	1	A1	\N
331	help	v	\N	\N	1	A1	\N
332	her	pron	\N	\N	1	A1	\N
333	here	adv	\N	\N	1	A1	\N
334	hey	interj	\N	\N	1	A1	\N
335	hi	interj	\N	\N	1	A1	\N
336	high	adj	\N	\N	1	A1	\N
337	him	pron	\N	\N	1	A1	\N
338	his	det	\N	\N	1	A1	\N
339	history	n	\N	\N	1	A1	\N
340	hobby	n	\N	\N	1	A1	\N
341	holiday	n	\N	\N	1	A1	\N
342	home	n	\N	\N	1	A1	\N
343	homework	n	\N	\N	1	A1	\N
344	hope	v	\N	\N	1	A1	\N
345	horse	n	\N	\N	1	A1	\N
346	hospital	n	\N	\N	1	A1	\N
347	hot	adj	\N	\N	1	A1	\N
348	hotel	n	\N	\N	1	A1	\N
349	hour	n	\N	\N	1	A1	\N
350	house	n	\N	\N	1	A1	\N
351	how	adv	\N	\N	1	A1	\N
352	hundred	num	\N	\N	1	A1	\N
353	hungry	adj	\N	\N	1	A1	\N
354	husband	n	\N	\N	1	A1	\N
355	I	pron	\N	\N	1	A1	\N
356	ice	n	\N	\N	1	A1	\N
357	ice cream	n	\N	\N	1	A1	\N
358	idea	n	\N	\N	1	A1	\N
359	if	conj	\N	\N	1	A1	\N
360	important	adj	\N	\N	1	A1	\N
361	in	prep	\N	\N	1	A1	\N
362	include	v	\N	\N	1	A1	\N
363	information	n	\N	\N	1	A1	\N
364	interest	n	\N	\N	1	A1	\N
365	interested	adj	\N	\N	1	A1	\N
366	interesting	adj	\N	\N	1	A1	\N
367	internet	n	\N	\N	1	A1	\N
368	interview	n	\N	\N	1	A1	\N
369	into	prep	\N	\N	1	A1	\N
370	introduce	v	\N	\N	1	A1	\N
371	island	n	\N	\N	1	A1	\N
372	it	pron	\N	\N	1	A1	\N
373	its	det	\N	\N	1	A1	\N
374	jacket	n	\N	\N	1	A1	\N
375	January	n	\N	\N	1	A1	\N
376	jeans	n	\N	\N	1	A1	\N
377	job	n	\N	\N	1	A1	\N
378	join	v	\N	\N	1	A1	\N
379	journey	n	\N	\N	1	A1	\N
380	juice	n	\N	\N	1	A1	\N
381	keep	v	\N	\N	1	A1	\N
382	key	n	\N	\N	1	A1	\N
383	kilometre	n	\N	\N	1	A1	\N
384	kind	n	\N	\N	1	A1	\N
385	kitchen	n	\N	\N	1	A1	\N
386	know	v	\N	\N	1	A1	\N
387	land	n	\N	\N	1	A1	\N
388	language	n	\N	\N	1	A1	\N
389	large	adj	\N	\N	1	A1	\N
390	last	adj	\N	\N	1	A1	\N
391	late	adj	\N	\N	1	A1	\N
392	later	adv	\N	\N	1	A1	\N
393	laugh	v	\N	\N	1	A1	\N
394	learn	v	\N	\N	1	A1	\N
395	leave	v	\N	\N	1	A1	\N
396	left	adj	\N	\N	1	A1	\N
397	leg	n	\N	\N	1	A1	\N
398	lesson	n	\N	\N	1	A1	\N
399	let	v	\N	\N	1	A1	\N
400	letter	n	\N	\N	1	A1	\N
401	library	n	\N	\N	1	A1	\N
402	lie	v	\N	\N	1	A1	\N
403	life	n	\N	\N	1	A1	\N
404	light	n	\N	\N	1	A1	\N
405	like	prep	\N	\N	1	A1	\N
406	like	v	\N	\N	1	A1	\N
407	line	n	\N	\N	1	A1	\N
408	lion	n	\N	\N	1	A1	\N
409	list	n	\N	\N	1	A1	\N
410	listen	v	\N	\N	1	A1	\N
411	little	adj	\N	\N	1	A1	\N
412	live	v	\N	\N	1	A1	\N
413	long	adj	\N	\N	1	A1	\N
414	look	v	\N	\N	1	A1	\N
415	lose	v	\N	\N	1	A1	\N
416	lot	n	\N	\N	1	A1	\N
417	love	v	\N	\N	1	A1	\N
418	lunch	n	\N	\N	1	A1	\N
419	machine	n	\N	\N	1	A1	\N
420	magazine	n	\N	\N	1	A1	\N
421	main	adj	\N	\N	1	A1	\N
422	make	v	\N	\N	1	A1	\N
423	man	n	\N	\N	1	A1	\N
424	many	det	\N	\N	1	A1	\N
425	map	n	\N	\N	1	A1	\N
426	March	n	\N	\N	1	A1	\N
427	market	n	\N	\N	1	A1	\N
428	married	adj	\N	\N	1	A1	\N
429	match	n	\N	\N	1	A1	\N
430	May	n	\N	\N	1	A1	\N
431	maybe	adv	\N	\N	1	A1	\N
432	me	pron	\N	\N	1	A1	\N
433	meal	n	\N	\N	1	A1	\N
434	mean	v	\N	\N	1	A1	\N
435	meaning	n	\N	\N	1	A1	\N
436	meat	n	\N	\N	1	A1	\N
437	meet	v	\N	\N	1	A1	\N
438	meeting	n	\N	\N	1	A1	\N
439	member	n	\N	\N	1	A1	\N
440	menu	n	\N	\N	1	A1	\N
441	message	n	\N	\N	1	A1	\N
442	metre	n	\N	\N	1	A1	\N
443	midnight	n	\N	\N	1	A1	\N
444	mile	n	\N	\N	1	A1	\N
445	milk	n	\N	\N	1	A1	\N
446	million	num	\N	\N	1	A1	\N
447	minute	n	\N	\N	1	A1	\N
448	miss	v	\N	\N	1	A1	\N
449	mistake	n	\N	\N	1	A1	\N
450	model	n	\N	\N	1	A1	\N
451	modern	adj	\N	\N	1	A1	\N
452	moment	n	\N	\N	1	A1	\N
453	Monday	n	\N	\N	1	A1	\N
454	money	n	\N	\N	1	A1	\N
455	month	n	\N	\N	1	A1	\N
456	more	det	\N	\N	1	A1	\N
457	morning	n	\N	\N	1	A1	\N
458	most	det	\N	\N	1	A1	\N
459	mother	n	\N	\N	1	A1	\N
460	mountain	n	\N	\N	1	A1	\N
461	mouse	n	\N	\N	1	A1	\N
462	mouth	n	\N	\N	1	A1	\N
463	move	v	\N	\N	1	A1	\N
464	movie	n	\N	\N	1	A1	\N
465	much	det	\N	\N	1	A1	\N
466	mum	n	\N	\N	1	A1	\N
467	museum	n	\N	\N	1	A1	\N
468	music	n	\N	\N	1	A1	\N
469	must	v	\N	\N	1	A1	\N
470	my	det	\N	\N	1	A1	\N
471	name	n	\N	\N	1	A1	\N
472	near	prep	\N	\N	1	A1	\N
473	need	v	\N	\N	1	A1	\N
474	neighbour	n	\N	\N	1	A1	\N
475	never	adv	\N	\N	1	A1	\N
476	new	adj	\N	\N	1	A1	\N
477	news	n	\N	\N	1	A1	\N
478	newspaper	n	\N	\N	1	A1	\N
479	next	adj	\N	\N	1	A1	\N
480	next to	prep	\N	\N	1	A1	\N
481	nice	adj	\N	\N	1	A1	\N
482	night	n	\N	\N	1	A1	\N
483	nine	num	\N	\N	1	A1	\N
484	nineteen	num	\N	\N	1	A1	\N
485	ninety	num	\N	\N	1	A1	\N
486	no	det	\N	\N	1	A1	\N
487	no one	pron	\N	\N	1	A1	\N
488	nobody	pron	\N	\N	1	A1	\N
489	noon	n	\N	\N	1	A1	\N
490	north	n	\N	\N	1	A1	\N
491	nose	n	\N	\N	1	A1	\N
492	not	adv	\N	\N	1	A1	\N
493	note	n	\N	\N	1	A1	\N
494	nothing	pron	\N	\N	1	A1	\N
495	November	n	\N	\N	1	A1	\N
496	now	adv	\N	\N	1	A1	\N
497	number	n	\N	\N	1	A1	\N
498	o'clock	adv	\N	\N	1	A1	\N
499	October	n	\N	\N	1	A1	\N
500	of	prep	\N	\N	1	A1	\N
501	off	adv	\N	\N	1	A1	\N
502	office	n	\N	\N	1	A1	\N
503	often	adv	\N	\N	1	A1	\N
504	oh	interj	\N	\N	1	A1	\N
505	OK	adj	\N	\N	1	A1	\N
506	old	adj	\N	\N	1	A1	\N
507	on	prep	\N	\N	1	A1	\N
508	once	adv	\N	\N	1	A1	\N
509	one	num	\N	\N	1	A1	\N
510	onion	n	\N	\N	1	A1	\N
511	online	adj	\N	\N	1	A1	\N
512	only	adv	\N	\N	1	A1	\N
513	open	v	\N	\N	1	A1	\N
514	opposite	adj	\N	\N	1	A1	\N
515	or	conj	\N	\N	1	A1	\N
516	orange	n	\N	\N	1	A1	\N
517	order	v	\N	\N	1	A1	\N
518	other	adj	\N	\N	1	A1	\N
519	our	det	\N	\N	1	A1	\N
520	out	adv	\N	\N	1	A1	\N
521	outside	adv	\N	\N	1	A1	\N
522	over	prep	\N	\N	1	A1	\N
523	own	v	\N	\N	1	A1	\N
524	page	n	\N	\N	1	A1	\N
525	paint	v	\N	\N	1	A1	\N
526	painting	n	\N	\N	1	A1	\N
527	pair	n	\N	\N	1	A1	\N
528	paper	n	\N	\N	1	A1	\N
529	paragraph	n	\N	\N	1	A1	\N
530	parent	n	\N	\N	1	A1	\N
531	park	n	\N	\N	1	A1	\N
532	part	n	\N	\N	1	A1	\N
533	partner	n	\N	\N	1	A1	\N
534	party	n	\N	\N	1	A1	\N
535	passport	n	\N	\N	1	A1	\N
536	past	adj	\N	\N	1	A1	\N
537	pay	v	\N	\N	1	A1	\N
538	pen	n	\N	\N	1	A1	\N
539	pencil	n	\N	\N	1	A1	\N
540	people	n	\N	\N	1	A1	\N
541	pepper	n	\N	\N	1	A1	\N
542	perfect	adj	\N	\N	1	A1	\N
543	period	n	\N	\N	1	A1	\N
544	person	n	\N	\N	1	A1	\N
545	personal	adj	\N	\N	1	A1	\N
546	phone	n	\N	\N	1	A1	\N
547	photo	n	\N	\N	1	A1	\N
548	photograph	n	\N	\N	1	A1	\N
549	phrase	n	\N	\N	1	A1	\N
550	piano	n	\N	\N	1	A1	\N
551	picture	n	\N	\N	1	A1	\N
552	piece	n	\N	\N	1	A1	\N
553	pig	n	\N	\N	1	A1	\N
554	pink	adj	\N	\N	1	A1	\N
555	place	n	\N	\N	1	A1	\N
556	plan	n	\N	\N	1	A1	\N
557	plane	n	\N	\N	1	A1	\N
558	plant	n	\N	\N	1	A1	\N
559	play	v	\N	\N	1	A1	\N
560	player	n	\N	\N	1	A1	\N
561	please	interj	\N	\N	1	A1	\N
562	point	n	\N	\N	1	A1	\N
563	police	n	\N	\N	1	A1	\N
564	policeman	n	\N	\N	1	A1	\N
565	pool	n	\N	\N	1	A1	\N
566	poor	adj	\N	\N	1	A1	\N
567	pop	n	\N	\N	1	A1	\N
568	popular	adj	\N	\N	1	A1	\N
569	possible	adj	\N	\N	1	A1	\N
570	post	n	\N	\N	1	A1	\N
571	potato	n	\N	\N	1	A1	\N
572	pound	n	\N	\N	1	A1	\N
573	practice	n	\N	\N	1	A1	\N
574	practise	v	\N	\N	1	A1	\N
575	present	n	\N	\N	1	A1	\N
576	pretty	adj	\N	\N	1	A1	\N
577	price	n	\N	\N	1	A1	\N
578	problem	n	\N	\N	1	A1	\N
579	programme	n	\N	\N	1	A1	\N
580	project	n	\N	\N	1	A1	\N
581	purple	adj	\N	\N	1	A1	\N
582	put	v	\N	\N	1	A1	\N
583	snake	n	\N	\N	1	A1	\N
584	snow	n	\N	\N	1	A1	\N
585	so	conj	\N	\N	1	A1	\N
586	some	det	\N	\N	1	A1	\N
587	somebody	pron	\N	\N	1	A1	\N
588	someone	pron	\N	\N	1	A1	\N
589	something	pron	\N	\N	1	A1	\N
590	sometimes	adv	\N	\N	1	A1	\N
591	son	n	\N	\N	1	A1	\N
592	song	n	\N	\N	1	A1	\N
593	soon	adv	\N	\N	1	A1	\N
594	sorry	adj	\N	\N	1	A1	\N
595	sound	n	\N	\N	1	A1	\N
596	soup	n	\N	\N	1	A1	\N
597	south	n	\N	\N	1	A1	\N
598	space	n	\N	\N	1	A1	\N
599	speak	v	\N	\N	1	A1	\N
600	special	adj	\N	\N	1	A1	\N
601	spell	v	\N	\N	1	A1	\N
602	spelling	n	\N	\N	1	A1	\N
603	spend	v	\N	\N	1	A1	\N
604	sport	n	\N	\N	1	A1	\N
605	spring	n	\N	\N	1	A1	\N
606	stand	v	\N	\N	1	A1	\N
607	start	v	\N	\N	1	A1	\N
608	station	n	\N	\N	1	A1	\N
609	stop	v	\N	\N	1	A1	\N
610	story	n	\N	\N	1	A1	\N
611	street	n	\N	\N	1	A1	\N
612	strong	adj	\N	\N	1	A1	\N
613	student	n	\N	\N	1	A1	\N
614	study	v	\N	\N	1	A1	\N
615	style	n	\N	\N	1	A1	\N
616	subject	n	\N	\N	1	A1	\N
617	sugar	n	\N	\N	1	A1	\N
618	summer	n	\N	\N	1	A1	\N
619	sun	n	\N	\N	1	A1	\N
620	Sunday	n	\N	\N	1	A1	\N
621	supermarket	n	\N	\N	1	A1	\N
622	sure	adj	\N	\N	1	A1	\N
623	sweater	n	\N	\N	1	A1	\N
624	swim	v	\N	\N	1	A1	\N
625	swimming	n	\N	\N	1	A1	\N
626	table	n	\N	\N	1	A1	\N
627	take	v	\N	\N	1	A1	\N
628	talk	v	\N	\N	1	A1	\N
629	tall	adj	\N	\N	1	A1	\N
630	taxi	n	\N	\N	1	A1	\N
631	tea	n	\N	\N	1	A1	\N
632	teach	v	\N	\N	1	A1	\N
633	teacher	n	\N	\N	1	A1	\N
634	team	n	\N	\N	1	A1	\N
635	teenager	n	\N	\N	1	A1	\N
636	telephone	n	\N	\N	1	A1	\N
637	television	n	\N	\N	1	A1	\N
638	tell	v	\N	\N	1	A1	\N
639	ten	num	\N	\N	1	A1	\N
640	tennis	n	\N	\N	1	A1	\N
641	terrible	adj	\N	\N	1	A1	\N
642	test	n	\N	\N	1	A1	\N
643	text	n	\N	\N	1	A1	\N
644	than	conj	\N	\N	1	A1	\N
645	thank	v	\N	\N	1	A1	\N
646	thanks	interj	\N	\N	1	A1	\N
647	that	det	\N	\N	1	A1	\N
648	the	det	\N	\N	1	A1	\N
649	theatre	n	\N	\N	1	A1	\N
650	their	det	\N	\N	1	A1	\N
651	them	pron	\N	\N	1	A1	\N
652	then	adv	\N	\N	1	A1	\N
653	there	adv	\N	\N	1	A1	\N
654	they	pron	\N	\N	1	A1	\N
655	thing	n	\N	\N	1	A1	\N
656	think	v	\N	\N	1	A1	\N
657	third	num	\N	\N	1	A1	\N
658	thirsty	adj	\N	\N	1	A1	\N
659	thirteen	num	\N	\N	1	A1	\N
660	thirty	num	\N	\N	1	A1	\N
661	this	det	\N	\N	1	A1	\N
662	thousand	num	\N	\N	1	A1	\N
663	three	num	\N	\N	1	A1	\N
664	through	prep	\N	\N	1	A1	\N
665	Thursday	n	\N	\N	1	A1	\N
666	ticket	n	\N	\N	1	A1	\N
667	time	n	\N	\N	1	A1	\N
668	tired	adj	\N	\N	1	A1	\N
669	title	n	\N	\N	1	A1	\N
670	to	prep	\N	\N	1	A1	\N
671	today	adv	\N	\N	1	A1	\N
672	together	adv	\N	\N	1	A1	\N
673	toilet	n	\N	\N	1	A1	\N
674	tomato	n	\N	\N	1	A1	\N
675	tomorrow	adv	\N	\N	1	A1	\N
676	tonight	adv	\N	\N	1	A1	\N
677	too	adv	\N	\N	1	A1	\N
678	top	n	\N	\N	1	A1	\N
679	tooth	n	\N	\N	1	A1	\N
680	tourist	n	\N	\N	1	A1	\N
681	town	n	\N	\N	1	A1	\N
682	traffic	n	\N	\N	1	A1	\N
683	train	n	\N	\N	1	A1	\N
684	travel	v	\N	\N	1	A1	\N
685	tree	n	\N	\N	1	A1	\N
686	trip	n	\N	\N	1	A1	\N
687	trousers	n	\N	\N	1	A1	\N
688	true	adj	\N	\N	1	A1	\N
689	try	v	\N	\N	1	A1	\N
690	T-shirt	n	\N	\N	1	A1	\N
691	Tuesday	n	\N	\N	1	A1	\N
692	turn	v	\N	\N	1	A1	\N
693	TV	n	\N	\N	1	A1	\N
694	twelve	num	\N	\N	1	A1	\N
695	twenty	num	\N	\N	1	A1	\N
696	twice	adv	\N	\N	1	A1	\N
697	two	num	\N	\N	1	A1	\N
698	type	n	\N	\N	1	A1	\N
699	umbrella	n	\N	\N	1	A1	\N
700	uncle	n	\N	\N	1	A1	\N
701	under	prep	\N	\N	1	A1	\N
702	understand	v	\N	\N	1	A1	\N
703	university	n	\N	\N	1	A1	\N
704	until	conj	\N	\N	1	A1	\N
705	up	adv	\N	\N	1	A1	\N
706	upstairs	adv	\N	\N	1	A1	\N
707	us	pron	\N	\N	1	A1	\N
708	use	v	\N	\N	1	A1	\N
709	usually	adv	\N	\N	1	A1	\N
710	vacation	n	\N	\N	1	A1	\N
711	vegetable	n	\N	\N	1	A1	\N
712	very	adv	\N	\N	1	A1	\N
713	video	n	\N	\N	1	A1	\N
714	village	n	\N	\N	1	A1	\N
715	visit	v	\N	\N	1	A1	\N
716	visitor	n	\N	\N	1	A1	\N
717	wait	v	\N	\N	1	A1	\N
718	waiter	n	\N	\N	1	A1	\N
719	wake	v	\N	\N	1	A1	\N
720	walk	v	\N	\N	1	A1	\N
721	wall	n	\N	\N	1	A1	\N
722	want	v	\N	\N	1	A1	\N
723	warm	adj	\N	\N	1	A1	\N
724	wash	v	\N	\N	1	A1	\N
725	watch	v	\N	\N	1	A1	\N
726	water	n	\N	\N	1	A1	\N
727	way	n	\N	\N	1	A1	\N
728	we	pron	\N	\N	1	A1	\N
729	wear	v	\N	\N	1	A1	\N
730	weather	n	\N	\N	1	A1	\N
731	website	n	\N	\N	1	A1	\N
732	Wednesday	n	\N	\N	1	A1	\N
733	week	n	\N	\N	1	A1	\N
734	weekend	n	\N	\N	1	A1	\N
735	welcome	interj	\N	\N	1	A1	\N
736	well	adv	\N	\N	1	A1	\N
737	west	n	\N	\N	1	A1	\N
738	what	pron	\N	\N	1	A1	\N
739	when	adv	\N	\N	1	A1	\N
740	where	adv	\N	\N	1	A1	\N
741	which	pron	\N	\N	1	A1	\N
742	white	adj	\N	\N	1	A1	\N
743	who	pron	\N	\N	1	A1	\N
744	why	adv	\N	\N	1	A1	\N
745	wife	n	\N	\N	1	A1	\N
746	will	v	\N	\N	1	A1	\N
747	win	v	\N	\N	1	A1	\N
748	window	n	\N	\N	1	A1	\N
749	wine	n	\N	\N	1	A1	\N
750	winter	n	\N	\N	1	A1	\N
751	with	prep	\N	\N	1	A1	\N
752	without	prep	\N	\N	1	A1	\N
753	woman	n	\N	\N	1	A1	\N
754	wonderful	adj	\N	\N	1	A1	\N
755	word	n	\N	\N	1	A1	\N
756	work	n	\N	\N	1	A1	\N
757	work	v	\N	\N	1	A1	\N
758	worker	n	\N	\N	1	A1	\N
759	world	n	\N	\N	1	A1	\N
760	would	v	\N	\N	1	A1	\N
761	write	v	\N	\N	1	A1	\N
762	writer	n	\N	\N	1	A1	\N
763	writing	n	\N	\N	1	A1	\N
764	wrong	adj	\N	\N	1	A1	\N
765	yeah	interj	\N	\N	1	A1	\N
766	year	n	\N	\N	1	A1	\N
767	yellow	adj	\N	\N	1	A1	\N
768	yes	interj	\N	\N	1	A1	\N
769	yesterday	adv	\N	\N	1	A1	\N
770	you	pron	\N	\N	1	A1	\N
771	young	adj	\N	\N	1	A1	\N
772	your	det	\N	\N	1	A1	\N
773	yourself	pron	\N	\N	1	A1	\N
774	I	pron	\N	\N	1	A1	\N
775	you	pron	\N	\N	1	A1	\N
776	he	pron	\N	\N	1	A1	\N
777	she	pron	\N	\N	1	A1	\N
778	it	pron	\N	\N	1	A1	\N
779	we	pron	\N	\N	1	A1	\N
780	they	pron	\N	\N	1	A1	\N
781	me	pron	\N	\N	1	A1	\N
782	him	pron	\N	\N	1	A1	\N
783	her	pron	\N	\N	1	A1	\N
784	us	pron	\N	\N	1	A1	\N
785	them	pron	\N	\N	1	A1	\N
786	my	det	\N	\N	1	A1	\N
787	your	det	\N	\N	1	A1	\N
788	his	det	\N	\N	1	A1	\N
789	its	det	\N	\N	1	A1	\N
790	our	det	\N	\N	1	A1	\N
791	their	det	\N	\N	1	A1	\N
792	mine	pron	\N	\N	1	A1	\N
793	yours	pron	\N	\N	1	A1	\N
794	hers	pron	\N	\N	1	A1	\N
795	ours	pron	\N	\N	1	A1	\N
796	theirs	pron	\N	\N	1	A1	\N
797	am	v	\N	\N	1	A1	\N
798	is	v	\N	\N	1	A1	\N
799	are	v	\N	\N	1	A1	\N
800	was	v	\N	\N	1	A1	\N
801	were	v	\N	\N	1	A1	\N
802	be	v	\N	\N	1	A1	\N
803	been	v	\N	\N	1	A1	\N
804	being	v	\N	\N	1	A1	\N
805	have	v	\N	\N	1	A1	\N
806	has	v	\N	\N	1	A1	\N
807	had	v	\N	\N	1	A1	\N
808	shall	v	\N	\N	1	A1	\N
809	may	v	\N	\N	1	A1	\N
810	might	v	\N	\N	1	A1	\N
811	I'm	contr	\N	\N	1	A1	\N
812	you're	contr	\N	\N	1	A1	\N
813	he's	contr	\N	\N	1	A1	\N
814	she's	contr	\N	\N	1	A1	\N
815	it's	contr	\N	\N	1	A1	\N
816	we're	contr	\N	\N	1	A1	\N
817	they're	contr	\N	\N	1	A1	\N
818	I've	contr	\N	\N	1	A1	\N
819	you've	contr	\N	\N	1	A1	\N
820	we've	contr	\N	\N	1	A1	\N
821	they've	contr	\N	\N	1	A1	\N
822	I'll	contr	\N	\N	1	A1	\N
823	you'll	contr	\N	\N	1	A1	\N
824	he'll	contr	\N	\N	1	A1	\N
825	she'll	contr	\N	\N	1	A1	\N
826	we'll	contr	\N	\N	1	A1	\N
827	they'll	contr	\N	\N	1	A1	\N
828	don't	contr	\N	\N	1	A1	\N
829	doesn't	contr	\N	\N	1	A1	\N
830	didn't	contr	\N	\N	1	A1	\N
831	can't	contr	\N	\N	1	A1	\N
832	couldn't	contr	\N	\N	1	A1	\N
833	won't	contr	\N	\N	1	A1	\N
834	shouldn't	contr	\N	\N	1	A1	\N
835	wouldn't	contr	\N	\N	1	A1	\N
836	isn't	contr	\N	\N	1	A1	\N
837	aren't	contr	\N	\N	1	A1	\N
838	wasn't	contr	\N	\N	1	A1	\N
839	weren't	contr	\N	\N	1	A1	\N
840	haven't	contr	\N	\N	1	A1	\N
841	hasn't	contr	\N	\N	1	A1	\N
842	hadn't	contr	\N	\N	1	A1	\N
843	beside	prep	\N	\N	1	A1	\N
844	in front of	prep	\N	\N	1	A1	\N
845	into	prep	\N	\N	1	A1	\N
846	onto	prep	\N	\N	1	A1	\N
847	of	prep	\N	\N	1	A1	\N
848	while	conj	\N	\N	1	A1	\N
849	until	conj	\N	\N	1	A1	\N
850	the	det	\N	\N	1	A1	\N
851	now	adv	\N	\N	1	A1	\N
852	also	adv	\N	\N	1	A1	\N
853	just	adv	\N	\N	1	A1	\N
854	even	adv	\N	\N	1	A1	\N
100000		det	\N	\N	2	A1	
100001		det	\N	\N	2	A1	
100002		det	\N	\N	2	A1	
100003	 	prep	\N	\N	2	A1	\N
100004		adv	\N	\N	2	A1	\N
100005	 	prep	\N	\N	2	A1	\N
100006		prep	\N	\N	2	A1	\N
100007	 	prep	\N	\N	2	A1	\N
100008		n	\N	\N	2	A1	
100009		n	\N	\N	2	A1	
100010		n	\N	\N	2	A1	
100011		n	\N	\N	2	A1	/
100012		v	\N	\N	2	A1	\N
100013		n	\N	\N	2	A1	
100014		n	\N	\N	2	A1	/
100015		adj	\N	\N	2	A1	\N
100016		prep	\N	\N	2	A1	\N
100017		n	\N	\N	2	A1	
100018		adv	\N	\N	2	A1	\N
100019		adv	\N	\N	2	A1	\N
100020		n	\N	\N	2	A1	
100021		adv	\N	\N	2	A1	\N
100022		n	\N	\N	2	A1	
100023		n	\N	\N	2	A1	
100024		det	\N	\N	2	A1	
100025		det	\N	\N	2	A1	
100026		det	\N	\N	2	A1	
100027		adj	\N	\N	2	A1	\N
100028		adv	\N	\N	2	A1	\N
100029		adv	\N	\N	2	A1	\N
100030		adj	\N	\N	2	A1	\N
100031		adj	\N	\N	2	A1	\N
100032		conj	\N	\N	2	A1	\N
100033		adj	\N	\N	2	A1	\N
100034		n	\N	\N	2	A1	
100035		det	\N	\N	2	A1	
100036		det	\N	\N	2	A1	
100037		det	\N	\N	2	A1	
100038		n	\N	\N	2	A1	
100039		det	\N	\N	2	A1	\N
100040		pron	\N	\N	2	A1	\N
100041		pron	\N	\N	2	A1	\N
100042		pron	\N	\N	2	A1	\N
100043		pron	\N	\N	2	A1	\N
100044		n	\N	\N	2	A1	
100045		n	\N	\N	2	A1	
100046		n	\N	\N	2	A1	
100047		n	\N	\N	2	A1	
100048		n	\N	\N	2	A1	
100049		n	\N	\N	2	A1	
100050		prep	\N	\N	2	A1	\N
100051		v	\N	\N	2	A1	\N
100052		n	\N	\N	2	A1	
100053		n	\N	\N	2	A1	
100054		n	\N	\N	2	A1	/
100055		prep	\N	\N	2	A1	\N
100056		prep	\N	\N	2	A1	\N
100057		v	\N	\N	2	A1	\N
100058		v	\N	\N	2	A1	\N
100059		prep	\N	\N	2	A1	\N
100060		prep	\N	\N	2	A1	\N
100061		prep	\N	\N	2	A1	\N
100062		prep	\N	\N	2	A1	\N
100063		n	\N	\N	2	A1	
100064		n	\N	\N	2	A1	
100065		n	\N	\N	2	A1	
100066		adv	\N	\N	2	A1	\N
100067		n	\N	\N	2	A1	
100068		adv	\N	\N	2	A1	\N
100069		adj	\N	\N	2	A1	\N
100070		n	\N	\N	2	A1	
100071		n	\N	\N	2	A1	
100072		n	\N	\N	2	A1	
100073		n	\N	\N	2	A1	
100074		n	\N	\N	2	A1	
100075		n	\N	\N	2	A1	
100076		n	\N	\N	2	A1	
100077		n	\N	\N	2	A1	
100078		n	\N	\N	2	A1	
100079		v	\N	\N	2	A1	\N
100080		n	\N	\N	2	A1	
100081		adj	\N	\N	2	A1	\N
100082		conj	\N	\N	2	A1	\N
100083		v	\N	\N	2	A1	\N
100084		n	\N	\N	2	A1	
100085		n	\N	\N	2	A1	
100086		n	\N	\N	2	A1	
100087		v	\N	\N	2	A1	\N
100088		n	\N	\N	2	A1	
100089	 	prep	\N	\N	2	A1	\N
100090		v	\N	\N	2	A1	\N
100091	 	prep	\N	\N	2	A1	\N
100092		adj	\N	\N	2	A1	\N
100093	 	prep	\N	\N	2	A1	\N
100094		n	\N	\N	2	A1	
100095		adj	\N	\N	2	A1	\N
100096		n	\N	\N	2	A1	
100097		n	\N	\N	2	A1	
100098		n	\N	\N	2	A1	
100099		v	\N	\N	2	A1	\N
100100		v	\N	\N	2	A1	\N
100101	 	n	\N	\N	2	A1	
100102		v	\N	\N	2	A1	\N
100103		n	\N	\N	2	A1	
100104		n	\N	\N	2	A1	
100105		n	\N	\N	2	A1	
100106		v	\N	\N	2	A1	\N
100107		v	\N	\N	2	A1	\N
100108		n	\N	\N	2	A1	
100109	CD	n	\N	\N	2	A1	
100110		n	\N	\N	2	A1	
100111		n	\N	\N	2	A1	
100112		n	\N	\N	2	A1	
100113		v	\N	\N	2	A1	\N
100114		n	\N	\N	2	A1	
100115		n	\N	\N	2	A1	
100116		adj	\N	\N	2	A1	\N
100117		v	\N	\N	2	A1	\N
100118		n	\N	\N	2	A1	
100119		n	\N	\N	2	A1	
100120		n	\N	\N	2	A1	
100121		n	\N	\N	2	A1	
100122		v	\N	\N	2	A1	\N
100123		v	\N	\N	2	A1	\N
100124		n	\N	\N	2	A1	
100125		n	\N	\N	2	A1	
100126		n	\N	\N	2	A1	
100127		n	\N	\N	2	A1	
100128		n	\N	\N	2	A1	
100129		adj	\N	\N	2	A1	\N
100130		v	\N	\N	2	A1	\N
100131		n	\N	\N	2	A1	
100132		v	\N	\N	2	A1	\N
100133		n	\N	\N	2	A1	
100134		n	\N	\N	2	A1	
100135		n	\N	\N	2	A1	
100136		n	\N	\N	2	A1	
100137		n	\N	\N	2	A1	
100138		adj	\N	\N	2	A1	\N
100139		n	\N	\N	2	A1	
100140		n	\N	\N	2	A1	
100141		v	\N	\N	2	A1	\N
100142		n	\N	\N	2	A1	
100143		v	\N	\N	2	A1	\N
100144		v	\N	\N	2	A1	\N
100145		n	\N	\N	2	A1	
100146		n	\N	\N	2	A1	
100147		v	\N	\N	2	A1	\N
100148		n	\N	\N	2	A1	
100149		adj	\N	\N	2	A1	\N
100150		adj	\N	\N	2	A1	\N
100151		v	\N	\N	2	A1	\N
100152	 	v	\N	\N	2	A1	\N
100153		n	\N	\N	2	A1	
100154		n	\N	\N	2	A1	
100155		n	\N	\N	2	A1	
100156	 	n	\N	\N	2	A1	
100157		n	\N	\N	2	A1	
100158		n	\N	\N	2	A1	
100159		n	\N	\N	2	A1	
100160		n	\N	\N	2	A1	
100161		n	\N	\N	2	A1	
100162		n	\N	\N	2	A1	
100163		adj	\N	\N	2	A1	\N
100164		v	\N	\N	2	A1	\N
100165		n	\N	\N	2	A1	
100166		n	\N	\N	2	A1	
100167		n	\N	\N	2	A1	
100168		adj	\N	\N	2	A1	\N
100169		adj	\N	\N	2	A1	\N
100170		adj	\N	\N	2	A1	\N
100171		n	\N	\N	2	A1	
100172		n	\N	\N	2	A1	
100173		n	\N	\N	2	A1	
100174		n	\N	\N	2	A1	
100175		adj	\N	\N	2	A1	\N
100176		n	\N	\N	2	A1	
100177		v	\N	\N	2	A1	\N
100178		adj	\N	\N	2	A1	\N
100179		n	\N	\N	2	A1	
100180		n	\N	\N	2	A1	
100181		n	\N	\N	2	A1	
100182		n	\N	\N	2	A1	
100183		v	\N	\N	2	A1	\N
100184		n	\N	\N	2	A1	
100185		n	\N	\N	2	A1	
100186		adj	\N	\N	2	A1	\N
100187		adj	\N	\N	2	A1	\N
100188		n	\N	\N	2	A1	
100189		adj	\N	\N	2	A1	\N
100190		n	\N	\N	2	A1	
100191		v	\N	\N	2	A1	\N
100192		n	\N	\N	2	A1	/
100193		n	\N	\N	2	A1	
100194		n	\N	\N	2	A1	
100195		n	\N	\N	2	A1	
100196		adv	\N	\N	2	A1	\N
100197	 	adv	\N	\N	2	A1	
100198		v	\N	\N	2	A1	\N
100199		v	\N	\N	2	A1	\N
100200		n	\N	\N	2	A1	
100201		v	\N	\N	2	A1	\N
100202		v	\N	\N	2	A1	\N
100203		n	\N	\N	2	A1	/
100204		n	\N	\N	2	A1	
100205	  	prep	\N	\N	2	A1	\N
100206	DVD	n	\N	\N	2	A1	
100207		det	\N	\N	2	A1	\N
100208		n	\N	\N	2	A1	
100209		adj	\N	\N	2	A1	\N
100210		n	\N	\N	2	A1	
100211		adj	\N	\N	2	A1	\N
100212		v	\N	\N	2	A1	\N
100213		n	\N	\N	2	A1	
100214		num	\N	\N	2	A1	\N
100215		num	\N	\N	2	A1	\N
100216		num	\N	\N	2	A1	\N
100217		n	\N	\N	2	A1	
100218		num	\N	\N	2	A1	\N
100219		adv	\N	\N	2	A1	\N
100220	email	n	\N	\N	2	A1	
100221		n	\N	\N	2	A1	
100222		v	\N	\N	2	A1	\N
100223		det	\N	\N	2	A1	\N
100224		n	\N	\N	2	A1	
100225		adv	\N	\N	2	A1	\N
100226		n	\N	\N	2	A1	
100227		adv	\N	\N	2	A1	\N
100228		adv	\N	\N	2	A1	\N
100229		pron	\N	\N	2	A1	
100230		pron	\N	\N	2	A1	
100231	 	pron	\N	\N	2	A1	\N
100232		n	\N	\N	2	A1	
100233		n	\N	\N	2	A1	
100234		adj	\N	\N	2	A1	\N
100235		adj	\N	\N	2	A1	\N
100236		n	\N	\N	2	A1	
100237		adj	\N	\N	2	A1	\N
100238		v	\N	\N	2	A1	\N
100239		adj	\N	\N	2	A1	\N
100240		n	\N	\N	2	A1	
100241		n	\N	\N	2	A1	
100242		v	\N	\N	2	A1	\N
100243		adj	\N	\N	2	A1	\N
100244		adj	\N	\N	2	A1	\N
100245		n	\N	\N	2	A1	
100246		adj	\N	\N	2	A1	\N
100247		adj	\N	\N	2	A1	\N
100249		n	\N	\N	2	A1	
100250		n	\N	\N	2	A1	
100251		n	\N	\N	2	A1	
100252		adj	\N	\N	2	A1	\N
100253		adj	\N	\N	2	A1	\N
100254		n	\N	\N	2	A1	
100255		adj	\N	\N	2	A1	\N
100256		n	\N	\N	2	A1	
100257		v	\N	\N	2	A1	\N
100258		v	\N	\N	2	A1	\N
100259		n	\N	\N	2	A1	
100260		det	\N	\N	2	A1	\N
100261		det	\N	\N	2	A1	\N
100262	 	num	\N	\N	2	A1	
100263		num	\N	\N	2	A1	
100264		num	\N	\N	2	A1	\N
100265		v	\N	\N	2	A1	\N
100266		n	\N	\N	2	A1	
100267		n	\N	\N	2	A1	
100268		adj	\N	\N	2	A1	\N
100269		v	\N	\N	2	A1	\N
100270		adj	\N	\N	2	A1	\N
100271		v	\N	\N	2	A1	\N
100272		n	\N	\N	2	A1	
100273		num	\N	\N	2	A1	
100274		n	\N	\N	2	A1	
100275		num	\N	\N	2	A1	\N
100276		v	\N	\N	2	A1	\N
100277		v	\N	\N	2	A1	\N
100278	 (flat)	n	\N	\N	2	A1	
100279		n	\N	\N	2	A1	
100280		n	\N	\N	2	A1	
100281		n	\N	\N	2	A1	
100282		n	\N	\N	2	A1	
100283		v	\N	\N	2	A1	\N
100284		v	\N	\N	2	A1	\N
100285		n	\N	\N	2	A1	
100286		n	\N	\N	2	A1	
100287		n	\N	\N	2	A1	
100288		prep	\N	\N	2	A1	\N
100289		v	\N	\N	2	A1	\N
100290		n	\N	\N	2	A1	
100291		n	\N	\N	2	A1	
100292		num	\N	\N	2	A1	\N
100293		num	\N	\N	2	A1	\N
100294		num	\N	\N	2	A1	\N
100295		num	\N	\N	2	A1	
100296		adj	\N	\N	2	A1	\N
100297		adj	\N	\N	2	A1	\N
100298		n	\N	\N	2	A1	
100299		n	\N	\N	2	A1	
100300		n	\N	\N	2	A1	
100301		adj	\N	\N	2	A1	\N
100302		prep	\N	\N	2	A1	\N
100303	 	n	\N	\N	2	A1	
100304		n	\N	\N	2	A1	
100305		adj	\N	\N	2	A1	\N
100306		n	\N	\N	2	A1	
100307		adj	\N	\N	2	A1	\N
100308		n	\N	\N	2	A1	
100309		n	\N	\N	2	A1	
100310		n	\N	\N	2	A1	
100311		n	\N	\N	2	A1	
100312		v	\N	\N	2	A1	\N
100313		n	\N	\N	2	A1	
100314		n	\N	\N	2	A1	
100315	 ()	n	\N	\N	2	A1	
100316		v	\N	\N	2	A1	\N
100317		n	\N	\N	2	A1	
100318		n	\N	\N	2	A1	
100319		v	\N	\N	2	A1	\N
100320		adj	\N	\N	2	A1	\N
100321		interj	\N	\N	2	A1	\N
100322		n	\N	\N	2	A1	
100323		n	\N	\N	2	A1	
100324		n	\N	\N	2	A1	
100325		adj	\N	\N	2	A1	\N
100326		adj	\N	\N	2	A1	\N
100327		adj	\N	\N	2	A1	\N
100328		n	\N	\N	2	A1	
100329		v	\N	\N	2	A1	\N
100330		v	\N	\N	2	A1	\N
100331		n	\N	\N	2	A1	
100332		n	\N	\N	2	A1	
100333		n	\N	\N	2	A1	
100334		n	\N	\N	2	A1	
100335		v	\N	\N	2	A1	\N
100336		adj	\N	\N	2	A1	\N
100337		adj	\N	\N	2	A1	\N
100338		n	\N	\N	2	A1	
100339		v	\N	\N	2	A1	\N
100340		v	\N	\N	2	A1	\N
100341		v	\N	\N	2	A1	\N
100342		pron	\N	\N	2	A1	
100343		n	\N	\N	2	A1	
100344		n	\N	\N	2	A1	
100345		adj	\N	\N	2	A1	\N
100346		v	\N	\N	2	A1	\N
100347		interj	\N	\N	2	A1	\N
100348		v	\N	\N	2	A1	\N
100349		adv	\N	\N	2	A1	\N
100350		adj	\N	\N	2	A1	\N
100351		n	\N	\N	2	A1	
100352		n	\N	\N	2	A1	
100353		n	\N	\N	2	A1	
100354		n	\N	\N	2	A1	
100355	   	n	\N	\N	2	A1	
100356		v	\N	\N	2	A1	\N
100357		n	\N	\N	2	A1	
100358		n	\N	\N	2	A1	
100359		adj	\N	\N	2	A1	\N
100360		adj	\N	\N	2	A1	\N
100361		n	\N	\N	2	A1	
100362		n	\N	\N	2	A1	
100363		adj	\N	\N	2	A1	\N
100364	 ()	n	\N	\N	2	A1	
100365		n	\N	\N	2	A1	
100366		n	\N	\N	2	A1	
100367		n	\N	\N	2	A1	
100368		conj	\N	\N	2	A1	\N
100369		adj	\N	\N	2	A1	\N
100370		v	\N	\N	2	A1	\N
100371		n	\N	\N	2	A1	
100372		n	\N	\N	2	A1	
100373		n	\N	\N	2	A1	
100374		adj	\N	\N	2	A1	\N
100375		adj	\N	\N	2	A1	\N
100376		n	\N	\N	2	A1	
100377		n	\N	\N	2	A1	
100378		n	\N	\N	2	A1	
100379	 	prep	\N	\N	2	A1	\N
100380		v	\N	\N	2	A1	\N
100381		v	\N	\N	2	A1	\N
100382		n	\N	\N	2	A1	
100383		n	\N	\N	2	A1	
100384		n	\N	\N	2	A1	
100385		n	\N	\N	2	A1	
100386		n	\N	\N	2	A1	
100387		n	\N	\N	2	A1	
100388		n	\N	\N	2	A1	
100389		v	\N	\N	2	A1	\N
100390		n	\N	\N	2	A1	
100391		n	\N	\N	2	A1	
100392		n	\N	\N	2	A1	
100393		v	\N	\N	2	A1	\N
100394		v	\N	\N	2	A1	\N
100395		n	\N	\N	2	A1	
100396		n	\N	\N	2	A1	
100397		n	\N	\N	2	A1	
100398		n	\N	\N	2	A1	
100399		v	\N	\N	2	A1	\N
100400		v	\N	\N	2	A1	\N
100401		n	\N	\N	2	A1	
100402		n	\N	\N	2	A1	
100403		n	\N	\N	2	A1	
100404		adj	\N	\N	2	A1	\N
100405		adj	\N	\N	2	A1	\N
100406		adj	\N	\N	2	A1	\N
100407		adv	\N	\N	2	A1	\N
100408		adj	\N	\N	2	A1	\N
100409		adv	\N	\N	2	A1	\N
100410	 ( )	n	\N	\N	2	A1	
100411	 ()	n	\N	\N	2	A1	
100412		v	\N	\N	2	A1	\N
100413		v	\N	\N	2	A1	\N
100414		n	\N	\N	2	A1	
100415		n	\N	\N	2	A1	
100416		n	\N	\N	2	A1	
100417	 	v	\N	\N	2	A1	\N
100418		v	\N	\N	2	A1	\N
100419		n	\N	\N	2	A1	
100420		n	\N	\N	2	A1	
100421		n	\N	\N	2	A1	
100422		n	\N	\N	2	A1	
100423		n	\N	\N	2	A1	
100424		n	\N	\N	2	A1	
100425	 ()	v	\N	\N	2	A1	\N
100426		adj	\N	\N	2	A1	\N
100427		adj	\N	\N	2	A1	\N
100428	 ()	v	\N	\N	2	A1	\N
100429		adj	\N	\N	2	A1	\N
100430		v	\N	\N	2	A1	\N
100431		v	\N	\N	2	A1	\N
100432		n	\N	\N	2	A1	
100433		v	\N	\N	2	A1	\N
100434		n	\N	\N	2	A1	
100435		n	\N	\N	2	A1	
100436		n	\N	\N	2	A1	
100437		n	\N	\N	2	A1	
100438		adj	\N	\N	2	A1	\N
100439		adj	\N	\N	2	A1	\N
100440	 ()	v	\N	\N	2	A1	\N
100441		n	\N	\N	2	A1	
100442		n	\N	\N	2	A1	
100443		det	\N	\N	2	A1	\N
100444		n	\N	\N	2	A1	
100445		n	\N	\N	2	A1	
100446		n	\N	\N	2	A1	
100447		adj	\N	\N	2	A1	\N
100448		n	\N	\N	2	A1	
100449		n	\N	\N	2	A1	
100450		n	\N	\N	2	A1	
100451		adv	\N	\N	2	A1	\N
100452		n	\N	\N	2	A1	
100453		v	\N	\N	2	A1	\N
100454		n	\N	\N	2	A1	
100455		n	\N	\N	2	A1	
100456		n	\N	\N	2	A1	
100457		v	\N	\N	2	A1	\N
100458		n	\N	\N	2	A1	
100459		n	\N	\N	2	A1	
100460		n	\N	\N	2	A1	
100461	 ()	n	\N	\N	2	A1	
100462		n	\N	\N	2	A1	
100463		n	\N	\N	2	A1	
100464		n	\N	\N	2	A1	
100465		n	\N	\N	2	A1	
100466		n	\N	\N	2	A1	
100467		num	\N	\N	2	A1	
100468	 ()	n	\N	\N	2	A1	
100469	 (/)	v	\N	\N	2	A1	\N
100470	 	v	\N	\N	2	A1	\N
100471	 ()	n	\N	\N	2	A1	
100472		n	\N	\N	2	A1	
100473		adj	\N	\N	2	A1	\N
100474		adj	\N	\N	2	A1	\N
100475		n	\N	\N	2	A1	
100476		n	\N	\N	2	A1	
100477		n	\N	\N	2	A1	
100478		n	\N	\N	2	A1	
100479		n	\N	\N	2	A1	
100480		det	\N	\N	2	A1	\N
100481		n	\N	\N	2	A1	
100482	 ()	det	\N	\N	2	A1	\N
100483		n	\N	\N	2	A1	
100484		n	\N	\N	2	A1	
100485		n	\N	\N	2	A1	
100486		n	\N	\N	2	A1	
100487		n	\N	\N	2	A1	
100488		v	\N	\N	2	A1	\N
100489		v	\N	\N	2	A1	\N
100490	 (movie)	n	\N	\N	2	A1	
100491	 ()	det	\N	\N	2	A1	\N
100492		n	\N	\N	2	A1	
100493		n	\N	\N	2	A1	
100494	 (must)	v	\N	\N	2	A1	\N
100495		n	\N	\N	2	A1	
100496		prep	\N	\N	2	A1	\N
100497		v	\N	\N	2	A1	\N
100498		n	\N	\N	2	A1	
100499		adj	\N	\N	2	A1	\N
100500		adj	\N	\N	2	A1	\N
100501	 (news)	n	\N	\N	2	A1	
100502		n	\N	\N	2	A1	
100503		n	\N	\N	2	A1	
100504		adj	\N	\N	2	A1	\N
100505	 	prep	\N	\N	2	A1	\N
100506		adj	\N	\N	2	A1	\N
100507		adj	\N	\N	2	A1	\N
100508		n	\N	\N	2	A1	
100509		num	\N	\N	2	A1	\N
100510		num	\N	\N	2	A1	\N
100511		num	\N	\N	2	A1	\N
100512		det	\N	\N	2	A1	\N
100513	 (no one)	pron	\N	\N	2	A1	\N
100514		n	\N	\N	2	A1	
100515		n	\N	\N	2	A1	
100516		n	\N	\N	2	A1	
100517		n	\N	\N	2	A1	
100518		adv	\N	\N	2	A1	\N
100519		n	\N	\N	2	A1	
100520		n	\N	\N	2	A1	
100521		prep	\N	\N	2	A1	\N
100522		prep	\N	\N	2	A1	\N
100523		adv	\N	\N	2	A1	\N
100524	 ()	n	\N	\N	2	A1	
100525		adv	\N	\N	2	A1	\N
100526	!	interj	\N	\N	2	A1	\N
100527		adj	\N	\N	2	A1	\N
100528	 	prep	\N	\N	2	A1	\N
100529	 	adv	\N	\N	2	A1	\N
100530		num	\N	\N	2	A1	\N
100531		n	\N	\N	2	A1	
100532		adj	\N	\N	2	A1	\N
100533		adv	\N	\N	2	A1	\N
100534		v	\N	\N	2	A1	\N
100535		adj	\N	\N	2	A1	\N
100536		conj	\N	\N	2	A1	\N
100537		n	\N	\N	2	A1	
100538		v	\N	\N	2	A1	\N
100539		adj	\N	\N	2	A1	\N
100540		adv	\N	\N	2	A1	\N
100541	 ()	adv	\N	\N	2	A1	\N
100542	  ()	prep	\N	\N	2	A1	\N
100543		v	\N	\N	2	A1	\N
100544		n	\N	\N	2	A1	
100545		v	\N	\N	2	A1	\N
100546	 ( )	v	\N	\N	2	A1	\N
100547	 	n	\N	\N	2	A1	
100548		n	\N	\N	2	A1	
100549		n	\N	\N	2	A1	
100550		n	\N	\N	2	A1	
100551		n	\N	\N	2	A1	
100552		n	\N	\N	2	A1	
100553	 ()	n	\N	\N	2	A1	
100554		n	\N	\N	2	A1	/
100555		n	\N	\N	2	A1	
100556		n	\N	\N	2	A1	
100557		adj	\N	\N	2	A1	\N
100558		v	\N	\N	2	A1	\N
100559		n	\N	\N	2	A1	
100560		n	\N	\N	2	A1	
100561		n	\N	\N	2	A1	
100562	 	n	\N	\N	2	A1	
100563		adj	\N	\N	2	A1	\N
100564		n	\N	\N	2	A1	
100565		n	\N	\N	2	A1	
100566		adj	\N	\N	2	A1	\N
100567		n	\N	\N	2	A1	
100568		n	\N	\N	2	A1	
100569		n	\N	\N	2	A1	
100570		n	\N	\N	2	A1	
100571		n	\N	\N	2	A1	
100572		n	\N	\N	2	A1	
100573		n	\N	\N	2	A1	
100574		adj	\N	\N	2	A1	\N
100575	 ()	n	\N	\N	2	A1	
100576		n	\N	\N	2	A1	
100577		n	\N	\N	2	A1	
100578		n	\N	\N	2	A1	
100579		v	\N	\N	2	A1	\N
100580		n	\N	\N	2	A1	
100581		interj	\N	\N	2	A1	\N
100582		n	\N	\N	2	A1	
100583		n	\N	\N	2	A1	
100584		n	\N	\N	2	A1	
100585		n	\N	\N	2	A1	
100586		n	\N	\N	2	A1	
100587		adj	\N	\N	2	A1	\N
100588	 ()	n	\N	\N	2	A1	
100589		adj	\N	\N	2	A1	\N
100590		adj	\N	\N	2	A1	\N
100591		n	\N	\N	2	A1	
100592		n	\N	\N	2	A1	
100593		n	\N	\N	2	A1	
100594		n	\N	\N	2	A1	
100595		v	\N	\N	2	A1	\N
100596		n	\N	\N	2	A1	
100597	 ( /)	adj	\N	\N	2	A1	\N
100598		n	\N	\N	2	A1	
100599		n	\N	\N	2	A1	
100600		n	\N	\N	2	A1	
100601		n	\N	\N	2	A1	
100602		adj	\N	\N	2	A1	\N
100603		v	\N	\N	2	A1	\N
100604		n	\N	\N	2	A1	
100605		n	\N	\N	2	A1	
100606		conj	\N	\N	2	A1	\N
100607		pron	\N	\N	2	A1	
100608		pron	\N	\N	2	A1	
100609		pron	\N	\N	2	A1	
100610		pron	\N	\N	2	A1	
100611	 	adv	\N	\N	2	A1	\N
100612		n	\N	\N	2	A1	
100613		n	\N	\N	2	A1	
100614		adv	\N	\N	2	A1	\N
100615		adj	\N	\N	2	A1	\N
100616		n	\N	\N	2	A1	
100617		n	\N	\N	2	A1	
100618		n	\N	\N	2	A1	
100619		n	\N	\N	2	A1	
100620		n	\N	\N	2	A1	
100621		v	\N	\N	2	A1	\N
100622		adj	\N	\N	2	A1	\N
100623		v	\N	\N	2	A1	\N
100624		n	\N	\N	2	A1	
100625		v	\N	\N	2	A1	\N
100626		n	\N	\N	2	A1	
100627		n	\N	\N	2	A1	
100628		v	\N	\N	2	A1	\N
100629	 (start)	v	\N	\N	2	A1	\N
100630		n	\N	\N	2	A1	
100631		v	\N	\N	2	A1	\N
100632	 (story)	n	\N	\N	2	A1	
100633		n	\N	\N	2	A1	
100634		adj	\N	\N	2	A1	\N
100635		n	\N	\N	2	A1	
100636		n	\N	\N	2	A1	
100637		v	\N	\N	2	A1	\N
100638		n	\N	\N	2	A1	
100639		n	\N	\N	2	A1	
100640		n	\N	\N	2	A1	
100641		n	\N	\N	2	A1	
100642		n	\N	\N	2	A1	
100643		n	\N	\N	2	A1	
100644		n	\N	\N	2	A1	
100645		adj	\N	\N	2	A1	\N
100646		n	\N	\N	2	A1	
100647		v	\N	\N	2	A1	\N
100648		n	\N	\N	2	A1	
100649		n	\N	\N	2	A1	
100650	 (take)	v	\N	\N	2	A1	\N
100651		v	\N	\N	2	A1	\N
100652		n	\N	\N	2	A1	
100653		n	\N	\N	2	A1	
100654		v	\N	\N	2	A1	\N
100655		n	\N	\N	2	A1	
100656		n	\N	\N	2	A1	
100657	 (team)	n	\N	\N	2	A1	
100658		n	\N	\N	2	A1	
100659	 (v)	v	\N	\N	2	A1	\N
100660		n	\N	\N	2	A1	
100661		v	\N	\N	2	A1	\N
100662		num	\N	\N	2	A1	\N
100663		n	\N	\N	2	A1	
100664		adj	\N	\N	2	A1	\N
100665		adj	\N	\N	2	A1	\N
100666		n	\N	\N	2	A1	
100667		n	\N	\N	2	A1	
100668	 (than)	conj	\N	\N	2	A1	\N
100669		v	\N	\N	2	A1	\N
100670		interj	\N	\N	2	A1	
100671		det	\N	\N	2	A1	
100672		n	\N	\N	2	A1	
100673	 (their)	det	\N	\N	2	A1	\N
100674		pron	\N	\N	2	A1	\N
100675		adv	\N	\N	2	A1	\N
100676		adv	\N	\N	2	A1	\N
100677		pron	\N	\N	2	A1	\N
100678		n	\N	\N	2	A1	
100679		v	\N	\N	2	A1	\N
100680		v	\N	\N	2	A1	\N
100681		num	\N	\N	2	A1	
100682		adj	\N	\N	2	A1	\N
100683		num	\N	\N	2	A1	\N
100684		num	\N	\N	2	A1	\N
100685	 (this)	det	\N	\N	2	A1	
100686		num	\N	\N	2	A1	\N
100687		num	\N	\N	2	A1	\N
100688	 	prep	\N	\N	2	A1	\N
100689		n	\N	\N	2	A1	
100690		n	\N	\N	2	A1	
100691		adj	\N	\N	2	A1	\N
100692		n	\N	\N	2	A1	
100693	 / 	prep	\N	\N	2	A1	\N
100694		adv	\N	\N	2	A1	\N
100695		adv	\N	\N	2	A1	\N
100696		n	\N	\N	2	A1	
100697		n	\N	\N	2	A1	
100698		adv	\N	\N	2	A1	\N
100699		adv	\N	\N	2	A1	\N
100700	 (too)	adv	\N	\N	2	A1	\N
100701	 (too)	adv	\N	\N	2	A1	\N
100702		n	\N	\N	2	A1	
100703		n	\N	\N	2	A1	
100704		n	\N	\N	2	A1	
100705	 (town)	n	\N	\N	2	A1	
100706		n	\N	\N	2	A1	
100707		v	\N	\N	2	A1	\N
100708		n	\N	\N	2	A1	
100709		n	\N	\N	2	A1	
100710		n	\N	\N	2	A1	
100711		adj	\N	\N	2	A1	\N
100712		v	\N	\N	2	A1	\N
100713		v	\N	\N	2	A1	\N
100714		n	\N	\N	2	A1	
100715		n	\N	\N	2	A1	
100716		v	\N	\N	2	A1	\N
100717		v	\N	\N	2	A1	\N
100718		num	\N	\N	2	A1	\N
100719		num	\N	\N	2	A1	\N
100720	 	adv	\N	\N	2	A1	\N
100721		num	\N	\N	2	A1	\N
100722		n	\N	\N	2	A1	
100723		n	\N	\N	2	A1	
100724		n	\N	\N	2	A1	
100725	  (under)	prep	\N	\N	2	A1	\N
100726		v	\N	\N	2	A1	\N
100727		n	\N	\N	2	A1	
100728		conj	\N	\N	2	A1	\N
100729	 (up)	adv	\N	\N	2	A1	\N
100730	 	adv	\N	\N	2	A1	
100731		pron	\N	\N	2	A1	\N
100732		v	\N	\N	2	A1	\N
100733		adv	\N	\N	2	A1	\N
100734	 (vacation)	n	\N	\N	2	A1	
100735		n	\N	\N	2	A1	
100736	 (very)	adv	\N	\N	2	A1	\N
100737		n	\N	\N	2	A1	
100738		n	\N	\N	2	A1	
100739		v	\N	\N	2	A1	\N
100740		n	\N	\N	2	A1	
100741		v	\N	\N	2	A1	\N
100742		n	\N	\N	2	A1	
100743		v	\N	\N	2	A1	\N
100744		v	\N	\N	2	A1	\N
100745		n	\N	\N	2	A1	
100746		v	\N	\N	2	A1	\N
100747	 (warm)	adj	\N	\N	2	A1	\N
100748		v	\N	\N	2	A1	\N
100749		v	\N	\N	2	A1	\N
100750		n	\N	\N	2	A1	
100751		n	\N	\N	2	A1	
100752		n	\N	\N	2	A1	
100753		n	\N	\N	2	A1	
100754		n	\N	\N	2	A1	
100755	 	interj	\N	\N	2	A1	\N
100756	 (well)	adv	\N	\N	2	A1	\N
100757		n	\N	\N	2	A1	
100758		pron	\N	\N	2	A1	\N
100759		adv	\N	\N	2	A1	\N
100760		adv	\N	\N	2	A1	\N
100761		pron	\N	\N	2	A1	
100762		adj	\N	\N	2	A1	\N
100763		adj	\N	\N	2	A1	\N
100764		pron	\N	\N	2	A1	
100765		adv	\N	\N	2	A1	\N
100766	 ()	n	\N	\N	2	A1	
100767		v	\N	\N	2	A1	\N
100768		v	\N	\N	2	A1	\N
100769		n	\N	\N	2	A1	
100770		n	\N	\N	2	A1	
100771		n	\N	\N	2	A1	
100772		prep	\N	\N	2	A1	\N
100773		prep	\N	\N	2	A1	\N
100774		n	\N	\N	2	A1	
100775	 (wonderful)	adj	\N	\N	2	A1	\N
100776		n	\N	\N	2	A1	
100777		n	\N	\N	2	A1	
100778		v	\N	\N	2	A1	\N
100779		n	\N	\N	2	A1	
100780		n	\N	\N	2	A1	
100781	 (would)	v	\N	\N	2	A1	\N
100782		v	\N	\N	2	A1	\N
100783		n	\N	\N	2	A1	/
100784		n	\N	\N	2	A1	
100785	 (wrong)	adj	\N	\N	2	A1	\N
100786	 (yeah)	interj	\N	\N	2	A1	\N
100787	 (year)	n	\N	\N	2	A1	
100788		n	\N	\N	2	A1	
100789		adj	\N	\N	2	A1	\N
100790	 (yes)	interj	\N	\N	2	A1	\N
100791		adv	\N	\N	2	A1	\N
100792		pron	\N	\N	2	A1	\N
100793	 (young)	adj	\N	\N	2	A1	\N
100794		det	\N	\N	2	A1	\N
100795	  	pron	\N	\N	2	A1	\N
100796		pron	\N	\N	2	A1	\N
100797		pron	\N	\N	2	A1	\N
100798		pron	\N	\N	2	A1	
100799	 (pron)	pron	\N	\N	2	A1	
100800		pron	\N	\N	2	A1	\N
100801		pron	\N	\N	2	A1	\N
100802		pron	\N	\N	2	A1	\N
100803		pron	\N	\N	2	A1	\N
100804	 (us)	pron	\N	\N	2	A1	\N
100805	 (them)	pron	\N	\N	2	A1	\N
100806	 	det	\N	\N	2	A1	\N
100807	 	det	\N	\N	2	A1	\N
100808	 	det	\N	\N	2	A1	\N
100809	 	det	\N	\N	2	A1	\N
100810	 	det	\N	\N	2	A1	\N
100811	 	det	\N	\N	2	A1	\N
100812	  (mine)	pron	\N	\N	2	A1	\N
100813	  (yours)	pron	\N	\N	2	A1	\N
100814	  (hers)	pron	\N	\N	2	A1	\N
100815	  (ours)	pron	\N	\N	2	A1	\N
100816	  (theirs)	pron	\N	\N	2	A1	\N
100817	 (am)	v	\N	\N	2	A1	\N
100818	 (is)	v	\N	\N	2	A1	\N
100819	 (are)	v	\N	\N	2	A1	\N
100820		v	\N	\N	2	A1	\N
100821		v	\N	\N	2	A1	\N
100822	 (have)	v	\N	\N	2	A1	\N
100823		v	\N	\N	2	A1	\N
100824		v	\N	\N	2	A1	\N
100825	 (shall)	v	\N	\N	2	A1	\N
100826	 (may)	v	\N	\N	2	A1	\N
100827	  (might)	v	\N	\N	2	A1	\N
100828	 	v	\N	\N	2	A1	\N
100829	 	v	\N	\N	2	A1	\N
100830	  	v	\N	\N	2	A1	\N
100831	  	v	\N	\N	2	A1	\N
100832	  (isn't)	v	\N	\N	2	A1	\N
100833	  (aren't)	v	\N	\N	2	A1	\N
100834	  (wasn't)	v	\N	\N	2	A1	\N
100835	  (weren't)	v	\N	\N	2	A1	\N
100836	  (haven't)	v	\N	\N	2	A1	\N
100837	  (hasn't)	v	\N	\N	2	A1	\N
100838	  (hadn't)	v	\N	\N	2	A1	\N
100839		prep	\N	\N	2	A1	\N
100840	  (onto)	prep	\N	\N	2	A1	\N
100841		conj	\N	\N	2	A1	\N
100842		adv	\N	\N	2	A1	\N
\.


--
-- Name: languages_id_seq; Type: SEQUENCE SET; Schema: public; Owner: root
--

SELECT pg_catalog.setval('public.languages_id_seq', 1, false);


--
-- Name: letters_id_seq; Type: SEQUENCE SET; Schema: public; Owner: root
--

SELECT pg_catalog.setval('public.letters_id_seq', 1, false);


--
-- Name: translations_id_seq; Type: SEQUENCE SET; Schema: public; Owner: root
--

SELECT pg_catalog.setval('public.translations_id_seq', 2825, true);


--
-- Name: user_languages_id_seq; Type: SEQUENCE SET; Schema: public; Owner: root
--

SELECT pg_catalog.setval('public.user_languages_id_seq', 17, true);


--
-- Name: user_vocabulary_id_seq; Type: SEQUENCE SET; Schema: public; Owner: root
--

SELECT pg_catalog.setval('public.user_vocabulary_id_seq', 24, true);


--
-- Name: users_id_seq; Type: SEQUENCE SET; Schema: public; Owner: root
--

SELECT pg_catalog.setval('public.users_id_seq', 64, true);


--
-- Name: words_id_seq; Type: SEQUENCE SET; Schema: public; Owner: root
--

SELECT pg_catalog.setval('public.words_id_seq', 60, true);


--
-- Name: languages languages_code_key; Type: CONSTRAINT; Schema: public; Owner: root
--

ALTER TABLE ONLY public.languages
    ADD CONSTRAINT languages_code_key UNIQUE (code);


--
-- Name: languages languages_pkey; Type: CONSTRAINT; Schema: public; Owner: root
--

ALTER TABLE ONLY public.languages
    ADD CONSTRAINT languages_pkey PRIMARY KEY (id);


--
-- Name: letters letters_letter_sign_language_id_key; Type: CONSTRAINT; Schema: public; Owner: root
--

ALTER TABLE ONLY public.letters
    ADD CONSTRAINT letters_letter_sign_language_id_key UNIQUE (letter_sign, language_id);


--
-- Name: letters letters_pkey; Type: CONSTRAINT; Schema: public; Owner: root
--

ALTER TABLE ONLY public.letters
    ADD CONSTRAINT letters_pkey PRIMARY KEY (id);


--
-- Name: translations translations_from_word_id_to_word_id_key; Type: CONSTRAINT; Schema: public; Owner: root
--

ALTER TABLE ONLY public.translations
    ADD CONSTRAINT translations_from_word_id_to_word_id_key UNIQUE (word_id, translation_word_id);


--
-- Name: translations translations_pkey; Type: CONSTRAINT; Schema: public; Owner: root
--

ALTER TABLE ONLY public.translations
    ADD CONSTRAINT translations_pkey PRIMARY KEY (id);


--
-- Name: user_languages user_languages_pkey; Type: CONSTRAINT; Schema: public; Owner: root
--

ALTER TABLE ONLY public.user_languages
    ADD CONSTRAINT user_languages_pkey PRIMARY KEY (id);


--
-- Name: user_vocabulary user_vocabulary_pkey; Type: CONSTRAINT; Schema: public; Owner: root
--

ALTER TABLE ONLY public.user_vocabulary
    ADD CONSTRAINT user_vocabulary_pkey PRIMARY KEY (id);


--
-- Name: users users_google_id_key; Type: CONSTRAINT; Schema: public; Owner: root
--

ALTER TABLE ONLY public.users
    ADD CONSTRAINT users_google_id_key UNIQUE (google_id);


--
-- Name: users users_pkey; Type: CONSTRAINT; Schema: public; Owner: root
--

ALTER TABLE ONLY public.users
    ADD CONSTRAINT users_pkey PRIMARY KEY (id);


--
-- Name: users users_username_key; Type: CONSTRAINT; Schema: public; Owner: root
--

ALTER TABLE ONLY public.users
    ADD CONSTRAINT users_username_key UNIQUE (username);


--
-- Name: words words_pkey; Type: CONSTRAINT; Schema: public; Owner: root
--

ALTER TABLE ONLY public.words
    ADD CONSTRAINT words_pkey PRIMARY KEY (id);


--
-- Name: idx_words_language_id; Type: INDEX; Schema: public; Owner: root
--

CREATE INDEX idx_words_language_id ON public.words USING btree (language_id);


--
-- Name: users_email_unique_idx; Type: INDEX; Schema: public; Owner: root
--

CREATE UNIQUE INDEX users_email_unique_idx ON public.users USING btree (email) WHERE (email IS NOT NULL);


--
-- Name: users trigger_update_last_login; Type: TRIGGER; Schema: public; Owner: root
--

CREATE TRIGGER trigger_update_last_login BEFORE UPDATE OF refresh_token ON public.users FOR EACH ROW EXECUTE FUNCTION public.update_last_login_on_refresh_token();


--
-- Name: TRIGGER trigger_update_last_login ON users; Type: COMMENT; Schema: public; Owner: root
--

COMMENT ON TRIGGER trigger_update_last_login ON public.users IS 'Updates last_login to NOW() when refresh_token is updated';


--
-- Name: letters letters_language_id_fkey; Type: FK CONSTRAINT; Schema: public; Owner: root
--

ALTER TABLE ONLY public.letters
    ADD CONSTRAINT letters_language_id_fkey FOREIGN KEY (language_id) REFERENCES public.languages(id) ON DELETE CASCADE;


--
-- Name: translations translations_translation_word_id_fkey; Type: FK CONSTRAINT; Schema: public; Owner: root
--

ALTER TABLE ONLY public.translations
    ADD CONSTRAINT translations_translation_word_id_fkey FOREIGN KEY (translation_word_id) REFERENCES public.words(id) ON DELETE CASCADE;


--
-- Name: translations translations_word_id_fkey; Type: FK CONSTRAINT; Schema: public; Owner: root
--

ALTER TABLE ONLY public.translations
    ADD CONSTRAINT translations_word_id_fkey FOREIGN KEY (word_id) REFERENCES public.words(id) ON DELETE CASCADE;


--
-- Name: user_languages user_languages_base_language_id_fkey; Type: FK CONSTRAINT; Schema: public; Owner: root
--

ALTER TABLE ONLY public.user_languages
    ADD CONSTRAINT user_languages_base_language_id_fkey FOREIGN KEY (native_language_id) REFERENCES public.languages(id) ON DELETE RESTRICT;


--
-- Name: user_languages user_languages_learning_language_id_fkey; Type: FK CONSTRAINT; Schema: public; Owner: root
--

ALTER TABLE ONLY public.user_languages
    ADD CONSTRAINT user_languages_learning_language_id_fkey FOREIGN KEY (learning_language_id) REFERENCES public.languages(id) ON DELETE RESTRICT;


--
-- Name: user_languages user_languages_user_id_fkey; Type: FK CONSTRAINT; Schema: public; Owner: root
--

ALTER TABLE ONLY public.user_languages
    ADD CONSTRAINT user_languages_user_id_fkey FOREIGN KEY (user_id) REFERENCES public.users(id) ON DELETE CASCADE;


--
-- Name: user_vocabulary user_vocabulary_user_id_fkey; Type: FK CONSTRAINT; Schema: public; Owner: root
--

ALTER TABLE ONLY public.user_vocabulary
    ADD CONSTRAINT user_vocabulary_user_id_fkey FOREIGN KEY (user_id) REFERENCES public.users(id) ON DELETE CASCADE;


--
-- Name: user_vocabulary user_vocabulary_word_id_fkey; Type: FK CONSTRAINT; Schema: public; Owner: root
--

ALTER TABLE ONLY public.user_vocabulary
    ADD CONSTRAINT user_vocabulary_word_id_fkey FOREIGN KEY (word_id) REFERENCES public.words(id) ON DELETE CASCADE;


--
-- Name: words words_language_id_fkey; Type: FK CONSTRAINT; Schema: public; Owner: root
--

ALTER TABLE ONLY public.words
    ADD CONSTRAINT words_language_id_fkey FOREIGN KEY (language_id) REFERENCES public.languages(id) ON DELETE CASCADE;


--
-- PostgreSQL database dump complete
--

\unrestrict ytg61tF48Yy5Ch9Ox4aLVKh5D6Leaf91hL0aZY9HeslLi3hCe6VlzExldVZhbJf

